Timestamp,nGroup,nPoly,nPoint,coordX,coordY,dateDist,datePre,distType,distPercS2,distPercL8,notes,source,datePlanetDist,datePlanetPre,dayDiff,location,pointid
1/26/2022 15:48:40,0,0,1,97.65686,24.15909,2019-01-05,2019-01-04,Forest,1,0.5,replacement for g0p1_1. beginning of larger disturbance,ian,2019-01-05,2019-01-05,1,myanmar,g0p0_1
1/27/2022 10:53:39,0,0,10,97.5774,24.36111,2019-01-05,2019-01-02,Forest,1,0.9,"replacement for g0p16_2, same area as g0p16_1",ian,2019-01-05,2019-01-05,3,myanmar,g0p0_10
07/05/2022 10:29,0,0,10a,97.57029,24.3403,2019-01-05,2019-01-02,Forest,0,0,possible anomaly 2016,ian,,,,myanmar,g0p0_10a
1/27/2022 10:59:38,0,0,11,97.6529,24.15455,2019-01-27,2019-01-24,Road,1,0.8,replacement of g0p17_1 to be in center of disturbance. Can't rightly tell if this is road or not. Same area as g0p0_12,ian,2019-01-27,2019-01-27,3,myanmar,g0p0_11
07/05/2022 10:33,0,0,11a,97.66525,24.16421,2019-01-27,2019-01-24,Forest,0,0,"",ian,,,,myanmar,g0p0_11a
1/27/2022 11:06:07,0,0,12,97.65676,24.1554,2019-01-26,2019-01-24,Forest,1,0.8,"replacement for g0p17_2, same area as g0p0_11",ian,2019-01-26,2019-01-26,2,myanmar,g0p0_12
07/05/2022 10:53,0,0,12a,97.66011,24.15898,2019-01-26,2019-01-24,Forest,0,0,"",ian,,,,myanmar,g0p0_12a
07/05/2022 10:24,0,0,1a,97.65959,24.16022,2019-01-05,2019-01-04,Forest,0,0,possible anomaly 2016,ian,,,,myanmar,g0p0_1a
1/26/2022 15:53:04,0,0,2,97.65541,24.15852,2019-01-20,2019-01-16,Forest,1,0.9,replacement for g0p1_2,ian,2019-01-20,2019-01-20,4,myanmar,g0p0_2
07/05/2022 10:56,0,0,2a,97.65324,24.16504,2019-01-20,2019-01-16,Forest,0,0,"",ian,,,,myanmar,g0p0_2a
1/27/2022 9:10:13,0,0,3,97.37947,23.53998,2019-02-21,2019-02-19,Forest,1,0.8,very close to g0p0_4,ian,2019-02-21,2019-02-21,2,myanmar,g0p0_3
07/05/2022 10:59,0,0,3a,97.36982,23.54096,2019-02-21,2019-02-19,Forest,0,0,"",ian,,,,myanmar,g0p0_3a
1/27/2022 9:12:27,0,0,4,97.37856,23.53863,2019-02-21,2019-02-15,Forest,1,1,"replacement for g0p4_1. Same disturbance, but more representative dates. very close to g0p0_3",ian,2019-02-21,2019-02-21,6,myanmar,g0p0_4
07/05/2022 11:06,0,0,4a,97.38859,23.53212,2019-02-21,2019-02-15,Forest,0,0,"",ian,,,,myanmar,g0p0_4a
1/27/2022 9:17:08,0,0,5,98.19097,21.95577,2019-11-12,2019-11-03,Road,1,0.7,"replacement for g0p5_1 (put in middle of road instead of edge). The signal in the ts is there, but super close to end of timeframe",ian,2019-11-12,2019-11-12,9,myanmar,g0p0_5
07/05/2022 11:33,0,0,5a,98.18218,21.95832,2019-11-12,2019-11-03,Forest,0,0,"",ian,,,,myanmar,g0p0_5a
1/27/2022 9:26:24,0,0,6,98.21217,21.96549,2019-08-02,2019-06-24,Road,1,1,the first date we can see road disturbance is shifted NE by 150m. Have to look to 10 Aug to verify actual location. absolutely no good imagery for all of July.,ian,2019-08-02,2019-08-02,39,myanmar,g0p0_6
07/05/2022 11:44,0,0,6a,98.21266,21.96692,2019-08-02,2019-06-24,Forest,0,0,"",ian,,,,myanmar,g0p0_6a
1/27/2022 9:34:37,0,0,7,96.45188,22.65588,2019-02-07,2019-02-06,Forest,1,0.8,"same area as g0p6_1, g0p0_7, g0p6_2, g0p7_1, g0p0_8",ian,2019-02-07,2019-02-07,1,myanmar,g0p0_7
07/05/2022 11:51,0,0,7a,96.44906,22.65657,2019-02-07,2019-02-06,Forest,0,0,"",ian,,,,myanmar,g0p0_7a
1/27/2022 10:24:20,0,0,8,96.44331,22.66712,2019-02-07,2019-02-06,Forest,1,0.9,"replacement for g0p7_2, same area as g0p6_1, g0p0_7, g0p6_2, g0p7_1, g0p0_8",ian,2019-02-07,2019-02-07,1,myanmar,g0p0_8
07/05/2022 11:55,0,0,8a,96.43271,22.65741,2019-02-07,2019-02-06,Forest,0,0,"",ian,,,,myanmar,g0p0_8a
1/27/2022 10:34:39,0,0,9,98.79352,22.47864,2019-09-18,2019-08-30,Road,1,0.5,replacement for g0p13_1. Originally a different point but had disturbance in 2017,ian,2019-09-18,2019-09-18,19,myanmar,g0p0_9
07/05/2022 12:10,0,0,9a,98.79797,22.48,2019-09-18,2019-08-30,Forest,0,0,"",ian,,,,myanmar,g0p0_9a
1/27/2022 10:42:09,0,14,1,97.80773,21.98903,2019-02-11,2019-02-09,Forest,1,1,original,ian,2019-02-11,2019-02-11,2,myanmar,g0p14_1
07/05/2022 12:28,0,14,1a,97.81992,21.99922,2019-02-11,2019-02-09,Forest,0,0,"",ian,,,,myanmar,g0p14_1a
1/27/2022 10:47:01,0,15,1,95.99777,25.55091,2019-02-15,2019-02-14,Forest,1,0.4,"original, not great signal in ts, but clear dist, overlap with previous dist",ian,2019-02-15,2019-02-15,1,myanmar,g0p15_1
07/05/2022 12:33,0,15,1a,95.98306,25.55193,2019-02-15,2019-02-14,Forest,0,0,"",ian,,,,myanmar,g0p15_1a
1/27/2022 10:51:27,0,16,1,97.57971944,24.36053333,2019-01-05,2019-01-03,Forest,1,1,"original, but different dates to have stable imagery. Same area as g0p0_10",ian,2019-01-05,2019-01-05,2,myanmar,g0p16_1
07/05/2022 12:39,0,16,1a,97.57337,24.35083,2019-01-05,2019-01-03,Forest,0,0,"",ian,,,,myanmar,g0p16_1a
1/27/2022 11:08:58,0,19,1,93.24313,21.45809,2019-02-15,2019-02-12,Forest,1,1,"original, same area as g0p19_2",ian,2019-02-15,2019-02-15,3,myanmar,g0p19_1
07/05/2022 12:44,0,19,1a,93.22561,21.47605,2019-02-15,2019-02-12,Forest,0,0,"",ian,,,,myanmar,g0p19_1a
1/27/2022 11:11:13,0,19,2,93.24562,21.45686,2019-02-15,2019-02-12,Forest,1,1,"original, same area as g0p19_1",ian,2019-02-15,2019-02-15,3,myanmar,g0p19_2
07/05/2022 13:49,0,19,2a,93.25441,21.5008,2019-02-15,2019-02-12,Forest,0,0,"",ian,,,,myanmar,g0p19_2a
1/27/2022 11:15:00,0,20,1,97.60831,24.39572,2019-02-13,2019-02-12,Forest,1,1,original,ian,2019-02-13,2019-02-13,1,myanmar,g0p20_1
07/05/2022 13:54,0,20,1a,97.59475,24.39049,2019-02-13,2019-02-12,Forest,0,0,"",ian,,,,myanmar,g0p20_1a
1/27/2022 9:02:30,0,2,1,97.35255278,23.47673056,2019-03-25,2019-03-23,Forest,1,1,original,ian,2019-03-25,2019-03-25,2,myanmar,g0p2_1
07/05/2022 14:00,0,2,1a,97.33956,23.47388,2019-03-25,2019-03-23,Forest,0,0,"",ian,,,,myanmar,g0p2_1a
1/27/2022 15:07:25,0,2,5,99.82269,21.6163,2019-02-21,2019-02-20,Forest,1,0.4,same area as g2p0_4,ian,2019-02-21,2019-02-21,1,myanmar,g0p2_5
07/05/2022 14:20,0,2,5a,99.8044,21.63371,2019-02-21,2019-02-20,Forest,0,0,"",ian,,,,myanmar,g0p2_5a
1/27/2022 9:04:50,0,3,1,97.902125,23.17163056,2019-01-26,2019-01-21,Forest,1,1,original,ian,2019-01-26,2019-01-26,5,myanmar,g0p3_1
07/05/2022 14:24,0,3,1a,97.89561,23.14005,2019-01-26,2019-01-21,Forest,0,0,"",ian,,,,myanmar,g0p3_1a
1/27/2022 9:30:19,0,6,1,96.44944,22.66764,2019-02-06,2019-02-02,Forest,1,0.9,"original, same area as g0p6_1, g0p0_7, g0p6_2, g0p7_1, g0p0_8",ian,2019-02-06,2019-02-06,4,myanmar,g0p6_1
07/05/2022 14:29,0,6,1a,96.44167,22.65602,2019-02-06,2019-02-02,Forest,0,0,"",ian,,,,myanmar,g0p6_1a
1/27/2022 9:37:01,0,6,2,96.45125,22.66487,2019-02-07,2019-02-06,Forest,1,0.9,"original, same area as g0p6_1, g0p0_7, g0p6_2, g0p7_1, g0p0_8",ian,2019-02-07,2019-02-07,1,myanmar,g0p6_2
07/05/2022 14:35,0,6,2a,96.46942,22.66559,2019-02-07,2019-02-06,Forest,0,0,"",ian,,,,myanmar,g0p6_2a
1/27/2022 9:40:56,0,7,1,96.441,22.66976,2019-02-07,2019-02-06,Forest,1,1,"original, same area as g0p6_1, g0p0_7, g0p6_2, g0p7_1, g0p0_8",ian,2019-02-07,2019-02-07,1,myanmar,g0p7_1
07/05/2022 14:41,0,7,1a,96.42693,22.67771,2019-02-07,2019-02-06,Forest,0,0,"",ian,,,,myanmar,g0p7_1a
1/27/2022 10:29:43,0,8,1,95.52217778,26.32177778,2019-02-12,2019-02-11,Road,1,0.8,not the strongest signal in ts but somewhat there. this is a road pullout / small expansion,ian,2019-02-12,2019-02-12,1,myanmar,g0p8_1
07/05/2022 14:55,0,8,1a,95.52523,26.32073,2019-02-12,2019-02-11,Forest,0,0,"",ian,,,,myanmar,g0p8_1a
10/20/2022 15:22:49,10,0,1,93.93493,22.14853,2019-10-05,2019-09-27,Forest,1,1,"better imagery is 18 Sep and 7 Oct, but fairly visible with these dates as well",ian,2019-10-05,2019-10-05,8,myanmar,g10p0_1
10/21/2022 11:20:56,10,0,10,95.28883,24.12318,2019-02-15,2019-02-11,Forest,1,1,"",ian,2019-02-15,2019-02-15,4,myanmar,g10p0_10
10/21/2022 11:21:51,10,0,10a,95.28456,24.13132,2019-02-15,2019-02-11,Forest,0,0,"",ian,,,,myanmar,g10p0_10a
10/21/2022 11:26:40,10,0,11,95.29396,24.20558,2019-02-14,2019-02-11,Forest,1,0.7,"",ian,2019-02-14,2019-02-14,3,myanmar,g10p0_11
10/21/2022 11:27:35,10,0,11a,95.2982,24.20556,2019-02-14,2019-02-11,Forest,0,0,"",ian,,,,myanmar,g10p0_11a
10/21/2022 11:43:46,10,0,12,96.47189,23.16055,2019-02-14,2019-02-09,Forest,1,1,"",ian,2019-02-14,2019-02-14,5,myanmar,g10p0_12
10/21/2022 11:45:08,10,0,12a,96.47075,23.16781,2019-02-14,2019-02-09,Forest,0,0,"",ian,,,,myanmar,g10p0_12a
10/21/2022 11:48:44,10,0,13,96.46183,23.15974,2019-02-10,2019-01-28,Forest,1,1,"",ian,2019-02-10,2019-02-10,13,myanmar,g10p0_13
10/21/2022 11:49:51,10,0,13a,96.47722,23.16188,2019-02-10,2019-01-28,Forest,0,0,"",ian,,,,myanmar,g10p0_13a
10/21/2022 15:59:43,10,0,14,96.43091,23.09718,2019-02-25,2019-02-24,Forest,1,1,"",ian,2019-02-25,2019-02-25,1,myanmar,g10p0_14
10/21/2022 16:01:08,10,0,14a,96.43053,23.09548,2019-02-25,2019-02-24,Forest,0,0,"",ian,,,,myanmar,g10p0_14a
10/24/2022 10:07:12,10,0,15,96.43198,23.09925,2019-03-02,2019-02-25,Forest,1,1,dist found by S2 first,ian,2019-03-02,2019-03-02,5,myanmar,g10p0_15
10/24/2022 10:08:34,10,0,15a,96.43594,23.09949,2019-03-02,2019-02-25,Forest,0,0,"",ian,,,,myanmar,g10p0_15a
10/24/2022 10:18:57,10,0,16,96.55465,23.44733,2019-03-22,2019-03-21,Forest,1,1,s2 sees disturbance first,ian,2019-03-22,2019-03-22,1,myanmar,g10p0_16
10/24/2022 10:20:30,10,0,16a,96.55582,23.45039,2019-03-22,2019-03-21,Forest,0,0,"",ian,,,,myanmar,g10p0_16a
10/24/2022 10:26:10,10,0,17,96.55256,23.45628,2019-02-03,2019-01-31,Forest,1,1,"",ian,2019-02-03,2019-02-03,3,myanmar,g10p0_17
10/24/2022 10:27:13,10,0,17a,96.5555,23.45568,2019-02-03,2019-01-31,Forest,0,0,"",ian,,,,myanmar,g10p0_17a
10/24/2022 10:34:34,10,0,18,96.54884,23.556,2019-04-01,2019-03-29,Forest,1,1,"",ian,2019-04-01,2019-04-01,3,myanmar,g10p0_18
10/24/2022 10:35:43,10,0,18a,96.5483,23.55418,2019-04-01,2019-03-29,Forest,0,0,"",ian,,,,myanmar,g10p0_18a
10/24/2022 10:45:00,10,0,19,96.56522,23.67896,2019-03-21,2019-03-18,Forest,1,1,"",ian,2019-03-21,2019-03-21,3,myanmar,g10p0_19
10/24/2022 10:46:05,10,0,19a,96.56706,23.6776,2019-03-21,2019-03-18,Forest,0,0,"",ian,,,,myanmar,g10p0_19a
10/20/2022 15:52:11,10,0,1a,93.93711,22.14892,2019-10-05,2019-09-27,Forest,0,0,"",ian,,,,myanmar,g10p0_1a
10/20/2022 15:27:56,10,0,2,93.93119,22.15199,2019-06-23,2019-06-02,Forest,1,1,2 june imagery not great but can still see what we need,ian,2019-06-23,2019-06-23,21,myanmar,g10p0_2
10/24/2022 10:50:26,10,0,20,96.56885,23.67139,2019-03-18,2019-03-17,Forest,1,1,"",ian,2019-03-18,2019-03-18,1,myanmar,g10p0_20
10/24/2022 10:51:46,10,0,20a,96.56717,23.67276,2019-03-18,2019-03-17,Forest,0,0,"",ian,,,,myanmar,g10p0_20a
10/24/2022 10:56:11,10,0,21,96.57317,23.64788,2019-05-18,2019-05-17,Forest,1,1,"",ian,2019-05-18,2019-05-18,1,myanmar,g10p0_21
10/24/2022 10:57:55,10,0,21a,96.57893,23.64894,2019-05-18,2019-05-17,Forest,0,0,"",ian,,,,myanmar,g10p0_21a
10/24/2022 11:14:40,10,0,22,96.60143,23.62449,2019-02-23,2019-02-22,Forest,1,1,"",ian,2019-02-23,2019-02-23,1,myanmar,g10p0_22
10/24/2022 11:15:37,10,0,22a,96.59835,23.62404,2019-02-23,2019-02-22,Forest,0,0,"",ian,,,,myanmar,g10p0_22a
10/24/2022 11:25:07,10,0,23,96.57877,23.41681,2019-06-28,2019-06-21,Forest,1,1,"",ian,2019-06-28,2019-06-28,7,myanmar,g10p0_23
10/24/2022 11:27:19,10,0,23a,96.57798,23.42093,2019-06-28,2019-06-21,Forest,0,0,"",ian,,,,myanmar,g10p0_23a
10/24/2022 11:26:12,10,0,24,96.57475,23.41681,2019-06-28,2019-06-21,Forest,1,1,"",ian,2019-06-28,2019-06-28,7,myanmar,g10p0_24
10/24/2022 11:27:51,10,0,24a,96.57259,23.41579,2019-06-28,2019-06-21,Forest,0,0,"",ian,,,,myanmar,g10p0_24a
10/24/2022 13:56:44,10,0,25,96.49819,23.45341,2019-04-14,2019-04-12,Forest,1,1,"",ian,2019-04-14,2019-04-14,2,myanmar,g10p0_25
10/24/2022 13:57:45,10,0,25a,96.50242,23.45462,2019-04-14,2019-04-12,Forest,0,0,"",ian,,,,myanmar,g10p0_25a
10/24/2022 14:59:56,10,0,26,96.39001,21.82244,2019-03-18,2019-03-14,Forest,1,1,"",ian,2019-03-18,2019-03-18,4,myanmar,g10p0_26
10/24/2022 15:00:53,10,0,26a,96.3946,21.82208,2019-03-18,2019-03-14,Forest,0,0,"",ian,,,,myanmar,g10p0_26a
10/24/2022 15:11:25,10,0,27,96.59639,21.95027,2019-09-15,2019-09-03,Forest,1,1,"",ian,2019-09-15,2019-09-15,12,myanmar,g10p0_27
10/24/2022 15:12:29,10,0,27a,96.60341,21.9502,2019-09-15,2019-09-03,Forest,0,0,"",ian,,,,myanmar,g10p0_27a
10/24/2022 15:24:17,10,0,28,96.81439,21.85339,2019-02-04,2019-02-01,Forest,1,1,"technically can see some disturbance on 2 feb, but slightly difficult to tell. S2 imagery on 2 feb shows tiny little blip",ian,2019-02-04,2019-02-04,3,myanmar,g10p0_28
10/24/2022 15:25:27,10,0,28a,96.81872,21.85425,2019-02-04,2019-02-01,Forest,0,0,"",ian,,,,myanmar,g10p0_28a
10/24/2022 15:31:22,10,0,29,96.83412,21.83283,2019-02-11,2019-02-06,Forest,1,1,"note that there's more recent imagery in planet, but disturbance expansion is small, and the increments by themselves wouldn't constitute a normal disturbance as we're defining it.",ian,2019-02-11,2019-02-11,5,myanmar,g10p0_29
10/24/2022 15:32:44,10,0,29a,96.83571,21.83732,2019-02-11,2019-02-06,Forest,0,0,"",ian,,,,myanmar,g10p0_29a
10/20/2022 15:51:10,10,0,2a,93.92993,22.15014,2019-06-23,2019-06-02,Forest,0,0,"",ian,,,,myanmar,g10p0_2a
10/20/2022 15:35:34,10,0,3,93.92435,22.1525,2019-08-10,2019-07-29,Forest,1,1,"21 july imagery is clearer, but can still tell that 29 is undisturbed (e.g. compare with the 21st)",ian,2019-08-10,2019-08-10,12,myanmar,g10p0_3
10/24/2022 15:56:49,10,0,30,96.89809,21.72102,2019-02-28,2019-02-26,Forest,1,0.9,"",ian,2019-02-28,2019-02-28,2,myanmar,g10p0_30
10/24/2022 15:58:10,10,0,30a,96.90116,21.72276,2019-02-28,2019-02-26,Forest,0,0,"",ian,,,,myanmar,g10p0_30a
10/25/2022 9:00:18,10,0,31,97.08492,21.44791,2019-02-04,2019-02-02,Forest,1,1,"",ian,2019-02-04,2019-02-04,2,myanmar,g10p0_31
10/25/2022 9:09:54,10,0,31a,97.08913,21.44567,2019-02-04,2019-02-02,Forest,0,0,"",ian,,,,myanmar,g10p0_31a
10/25/2022 9:02:25,10,0,32,97.08048,21.44027,2019-02-14,2019-02-12,Forest,1,1,technically disturbance started 13 Feb but patchwork thinning; 14 feb is first clear indication,ian,2019-02-14,2019-02-14,2,myanmar,g10p0_32
10/25/2022 9:10:26,10,0,32a,97.08089,21.43561,2019-02-14,2019-02-12,Forest,0,0,"",ian,,,,myanmar,g10p0_32a
10/25/2022 9:08:33,10,0,33,97.08011,21.44348,2019-02-22,2019-02-20,Forest,1,0.8,"",ian,2019-02-22,2019-02-22,2,myanmar,g10p0_33
10/25/2022 9:11:07,10,0,33a,97.09466,21.43676,2019-02-22,2019-02-20,Forest,0,0,"",ian,,,,myanmar,g10p0_33a
10/25/2022 9:37:54,10,0,34,97.10938,21.30311,2019-03-03,2019-03-01,Forest,1,0.9,"",ian,2019-03-03,2019-03-03,2,myanmar,g10p0_34
10/25/2022 9:47:37,10,0,34a,97.10656,21.30549,2019-03-03,2019-03-01,Forest,0,0,"",ian,,,,myanmar,g10p0_34a
10/25/2022 10:09:36,10,0,35,97.13635,21.30436,2019-03-09,2019-03-03,Forest,1,1,"planet has something odd going on with 9 March data where the disturbance location is warped. For true location, using imagery from 11 March",ian,2019-03-09,2019-03-09,6,myanmar,g10p0_35
10/25/2022 9:49:34,10,0,35a,97.1296,21.30522,2019-03-09,2019-03-03,Forest,0,0,"",ian,,,,myanmar,g10p0_35a
10/25/2022 10:11:54,10,0,36,97.12714,21.29277,2019-03-12,2019-03-11,Forest,1,1,"",ian,2019-03-12,2019-03-12,1,myanmar,g10p0_36
10/25/2022 9:50:12,10,0,36a,97.12844,21.29027,2019-03-12,2019-03-11,Forest,0,0,"",ian,,,,myanmar,g10p0_36a
10/25/2022 10:19:55,10,0,37,97.14778,21.29187,2019-02-24,2019-02-20,Forest,1,0.9,"",ian,2019-02-24,2019-02-24,4,myanmar,g10p0_37
10/25/2022 10:23:45,10,0,37a,97.15169,21.29433,2019-02-24,2019-02-20,Forest,0,0,"",ian,,,,myanmar,g10p0_37a
10/25/2022 10:32:45,10,0,38,97.14294,21.26061,2019-02-22,2019-02-20,Forest,1,1,"disturbance first seen by S2, though I will note it is slight",ian,2019-02-22,2019-02-22,2,myanmar,g10p0_38
10/25/2022 10:34:25,10,0,38a,97.14035,21.26617,2019-02-22,2019-02-20,Forest,0,0,"",ian,,,,myanmar,g10p0_38a
10/25/2022 10:39:27,10,0,39,97.15426,21.2636,2019-02-22,2019-02-20,Forest,1,1,s2 sees disturbance first,ian,2019-02-22,2019-02-22,2,myanmar,g10p0_39
10/25/2022 10:40:39,10,0,39a,97.15984,21.26468,2019-02-22,2019-02-20,Forest,0,0,"",ian,,,,myanmar,g10p0_39a
10/20/2022 15:49:24,10,0,3a,93.92587,22.15856,2019-08-10,2019-07-29,Forest,0,0,"",ian,,,,myanmar,g10p0_3a
10/20/2022 15:42:06,10,0,4,93.91716,22.14891,2019-08-22,2019-08-10,Forest,1,1,"",ian,2019-08-22,2019-08-22,12,myanmar,g10p0_4
10/25/2022 11:00:49,10,0,40,97.21749,21.2205,2019-01-30,2019-01-28,Forest,1,1,"",ian,2019-01-30,2019-01-30,2,myanmar,g10p0_40
10/25/2022 11:05:09,10,0,40a,97.21285,21.21871,2019-01-30,2019-01-28,Forest,0,0,"",ian,,,,myanmar,g10p0_40a
10/25/2022 11:03:51,10,0,41,97.22006,21.21953,2019-01-28,2019-01-25,Forest,1,1,"",ian,2019-01-28,2019-01-28,3,myanmar,g10p0_41
10/25/2022 11:05:44,10,0,41a,97.21324,21.22563,2019-01-28,2019-01-25,Forest,0,0,"",ian,,,,myanmar,g10p0_41a
10/25/2022 11:09:53,10,0,42,97.218,21.23059,2019-01-28,2019-01-25,Forest,1,1,"",ian,2019-01-28,2019-01-28,3,myanmar,g10p0_42
10/25/2022 11:12:21,10,0,42a,97.20307,21.23978,2019-01-28,2019-01-25,Forest,0,0,"",ian,,,,myanmar,g10p0_42a
10/25/2022 11:10:59,10,0,43,97.21046,21.22873,2019-01-28,2019-01-25,Forest,1,1,"",ian,2019-01-28,2019-01-28,3,myanmar,g10p0_43
10/25/2022 11:13:22,10,0,43a,97.22556,21.2459,2019-01-28,2019-01-25,Forest,0,0,"",ian,,,,myanmar,g10p0_43a
10/25/2022 13:26:44,10,0,44,97.14369,21.22439,2019-02-24,2019-02-20,Forest,1,1,"",ian,2019-02-24,2019-02-24,4,myanmar,g10p0_44
10/25/2022 13:36:36,10,0,44a,97.14449,21.22284,2019-02-24,2019-02-20,Forest,0,0,"",ian,,,,myanmar,g10p0_44a
10/26/2022 9:44:39,10,0,45,97.24325,22.31073,2019-03-04,2019-03-01,Forest,1,0.9,seen by s2 first,ian,2019-03-04,2019-03-04,3,myanmar,g10p0_45
10/26/2022 9:45:53,10,0,45a,97.23083,22.3058,2019-03-04,2019-03-01,Forest,0,0,"",ian,,,,myanmar,g10p0_45a
10/26/2022 9:53:43,10,0,46,97.26988,22.27853,2019-02-28,2019-02-24,Forest,1,1,"technically there is imagery in between from planet, but isn't too clear",ian,2019-02-28,2019-02-28,4,myanmar,g10p0_46
10/26/2022 9:55:19,10,0,46a,97.27798,22.28256,2019-02-28,2019-02-24,Forest,0,0,"",ian,,,,myanmar,g10p0_46a
10/26/2022 10:10:43,10,0,47,95.05618,24.97336,2019-02-16,2019-02-14,Forest,1,1,"imagery on 16 feb is not aligned correctly, so coord is based on 18 feb imagery",ian,2019-02-16,2019-02-16,2,myanmar,g10p0_47
10/26/2022 10:11:51,10,0,47a,95.06008,24.96923,2019-02-16,2019-02-14,Forest,0,0,"",ian,,,,myanmar,g10p0_47a
10/26/2022 10:26:34,10,0,48,95.15157,24.88573,2019-03-17,2019-03-15,Forest,1,1,dist seen by s2 first,ian,2019-03-17,2019-03-17,2,myanmar,g10p0_48
10/26/2022 10:27:48,10,0,48a,95.16124,24.88831,2019-03-17,2019-03-15,Forest,0,0,"",ian,,,,myanmar,g10p0_48a
10/26/2022 10:38:34,10,0,49,95.28897,24.91846,2019-03-24,2019-03-20,Forest,1,1,there is imagery on 23 march but not really clear for this disturbance. There is also what appears to be slash or so,ian,2019-03-24,2019-03-24,4,myanmar,g10p0_49
10/26/2022 10:56:39,10,0,49a,95.29486,24.91857,2019-03-24,2019-03-20,Forest,0,0,"",ian,,,,myanmar,g10p0_49a
10/20/2022 15:47:30,10,0,4a,93.91404,22.14901,2019-08-22,2019-08-10,Forest,0,0,"",ian,,,,myanmar,g10p0_4a
10/20/2022 15:55:17,10,0,5,93.91179,22.15096,2019-08-31,2019-08-27,Forest,1,1,"dist imagery from s2, one day later than planet",ian,2019-08-31,2019-08-31,4,myanmar,g10p0_5
10/26/2022 10:42:15,10,0,50,95.28581,24.91402,2019-04-23,2019-04-21,Forest,1,1,"",ian,2019-04-23,2019-04-23,2,myanmar,g10p0_50
10/26/2022 10:57:36,10,0,50a,95.28447,24.92089,2019-04-23,2019-04-21,Forest,0,0,"",ian,,,,myanmar,g10p0_50a
10/26/2022 10:52:59,10,0,51,95.28273,24.91166,2019-03-23,2019-03-15,Forest,1,1,"this may be a problem point. There is partial, irregular deforestation here as measured on 20 March, which is then later cleared on 23 March. To keep as a single, 100% L8 dist, I extended the in-between time.",ian,2019-03-23,2019-03-23,8,myanmar,g10p0_51
10/26/2022 10:59:05,10,0,51a,95.28055,24.91569,2019-03-23,2019-03-15,Forest,0,0,"",ian,,,,myanmar,g10p0_51a
10/26/2022 11:13:03,10,0,52,95.40049,24.89833,2019-02-02,2019-01-26,Forest,1,0.8,"there is s2 imagery on 31 Jan but the disturbance isn't super clear, so didn't record the date here",ian,2019-02-02,2019-02-02,7,myanmar,g10p0_52
10/26/2022 11:14:27,10,0,52a,95.40593,24.90177,2019-02-02,2019-01-26,Forest,0,0,"",ian,,,,myanmar,g10p0_52a
10/26/2022 11:23:32,10,0,53,95.26772,25.24305,2019-05-08,2019-05-07,Forest,1,1,"",ian,2019-05-08,2019-05-08,1,myanmar,g10p0_53
10/26/2022 11:37:12,10,0,53a,95.2629,25.2423,2019-05-08,2019-05-07,Forest,0,0,"",ian,,,,myanmar,g10p0_53a
10/26/2022 11:27:21,10,0,54,95.27402,25.2464,2019-03-30,2019-03-29,Forest,1,0.9,"",ian,2019-03-30,2019-03-30,1,myanmar,g10p0_54
10/26/2022 11:37:56,10,0,54a,95.26815,25.24547,2019-03-30,2019-03-29,Forest,0,0,"",ian,,,,myanmar,g10p0_54a
10/26/2022 11:30:41,10,0,55,95.27855,25.24154,2019-04-21,2019-04-19,Forest,1,0.8,"i think this is 100% disturbed, but can't fully tell because there might be some slash",ian,2019-04-21,2019-04-21,2,myanmar,g10p0_55
10/26/2022 11:38:43,10,0,55a,95.28679,25.23006,2019-04-21,2019-04-19,Forest,0,0,"",ian,,,,myanmar,g10p0_55a
10/26/2022 11:35:25,10,0,56,95.25985,25.23962,2019-02-23,2019-02-21,Forest,1,1,"",ian,2019-02-23,2019-02-23,2,myanmar,g10p0_56
10/26/2022 11:39:28,10,0,56a,95.26557,25.23553,2019-02-23,2019-02-21,Forest,0,0,"",ian,,,,myanmar,g10p0_56a
10/26/2022 11:50:55,10,0,57,94.98784,25.10731,2019-03-10,2019-03-03,Forest,1,1,"",ian,2019-03-10,2019-03-10,7,myanmar,g10p0_57
10/26/2022 12:04:08,10,0,57a,95.00414,25.12362,2019-03-10,2019-03-03,Forest,0,0,"",ian,,,,myanmar,g10p0_57a
10/26/2022 11:55:43,10,0,58,95.02868,25.1715,2019-03-20,2019-03-17,Forest,1,0.9,technically should be 100% but the alignment is not perfect.,ian,2019-03-20,2019-03-20,3,myanmar,g10p0_58
10/26/2022 12:05:03,10,0,58a,95.02528,25.14223,2019-03-20,2019-03-17,Forest,0,0,"",ian,,,,myanmar,g10p0_58a
10/26/2022 11:58:54,10,0,59,95.01201,25.14708,2019-03-09,2019-03-03,Forest,1,1,"",ian,2019-03-09,2019-03-09,6,myanmar,g10p0_59
10/26/2022 12:05:44,10,0,59a,95.00037,25.14617,2019-03-09,2019-03-03,Forest,0,0,"",ian,,,,myanmar,g10p0_59a
10/20/2022 15:56:24,10,0,5a,93.91001,22.15076,2019-08-31,2019-08-27,Forest,0,0,"",ian,,,,myanmar,g10p0_5a
10/20/2022 16:08:52,10,0,6,93.88946,22.65557,2019-01-19,2019-01-17,Forest,1,1,s2 has dist imagery,ian,2019-01-19,2019-01-19,2,myanmar,g10p0_6
10/26/2022 14:36:48,10,0,60,94.98546,25.05639,2019-04-19,2019-04-14,Forest,1,1,there is some in-btwn imagery but it is not super clear,ian,2019-04-19,2019-04-19,5,myanmar,g10p0_60
10/26/2022 14:38:07,10,0,60a,94.97833,25.05342,2019-04-19,2019-04-14,Forest,0,0,"",ian,,,,myanmar,g10p0_60a
10/26/2022 15:08:49,10,0,61,94.98185,25.01513,2019-03-28,2019-03-26,Forest,1,1,"",ian,2019-03-28,2019-03-28,2,myanmar,g10p0_61
10/26/2022 15:11:04,10,0,61a,94.97826,25.01188,2019-03-28,2019-03-26,Forest,0,0,"",ian,,,,myanmar,g10p0_61a
10/26/2022 15:41:24,10,0,62,95.0397,24.97744,2019-02-13,2019-02-12,Forest,1,1,"",ian,2019-02-13,2019-02-13,1,myanmar,g10p0_62
10/26/2022 15:42:38,10,0,62a,95.04173,24.97446,2019-02-13,2019-02-12,Forest,0,0,"",ian,,,,myanmar,g10p0_62a
10/26/2022 16:05:37,10,0,63,95.40805,25.4537,2019-04-04,2019-03-30,Forest,1,1,imagery on 1 Apr but not clear,ian,2019-04-04,2019-04-04,5,myanmar,g10p0_63
10/26/2022 16:08:05,10,0,63a,95.4163,25.44967,2019-04-04,2019-03-30,Forest,0,0,"",ian,,,,myanmar,g10p0_63a
10/27/2022 14:13:18,10,0,64,95.81413,26.82693,2019-02-24,2019-02-14,Forest,1,1,"imagery from 24 feb is not aligned, so using imagery from 2 march for exact coordinates",ian,2019-02-24,2019-02-24,10,myanmar,g10p0_64
10/27/2022 14:19:15,10,0,64a,95.80343,26.83331,2019-02-24,2019-02-14,Forest,0,0,"",ian,,,,myanmar,g10p0_64a
10/27/2022 14:17:33,10,0,65,95.81896,26.83147,2019-03-14,2019-03-03,Forest,1,1,"",ian,2019-03-14,2019-03-14,11,myanmar,g10p0_65
10/27/2022 14:19:53,10,0,65a,95.82009,26.83928,2019-03-14,2019-03-03,Forest,0,0,"",ian,,,,myanmar,g10p0_65a
10/27/2022 14:28:38,10,0,66,95.76717,26.80108,2019-03-27,2019-03-18,Forest,1,1,"imagery for 18 march is off, so used 14 march. s2 sees dist first",ian,2019-03-27,2019-03-27,9,myanmar,g10p0_66
10/27/2022 14:37:13,10,0,66a,95.77161,26.79499,2019-03-27,2019-03-18,Forest,0,0,"",ian,,,,myanmar,g10p0_66a
10/27/2022 14:35:37,10,0,67,95.77806,26.80182,2019-03-03,2019-03-02,Forest,1,1,"",ian,2019-03-03,2019-03-03,1,myanmar,g10p0_67
10/27/2022 14:37:43,10,0,67a,95.78037,26.80572,2019-03-03,2019-03-02,Forest,0,0,"",ian,,,,myanmar,g10p0_67a
10/27/2022 14:42:44,10,0,68,95.88655,26.91103,2019-02-13,2019-02-11,Forest,1,1,"",ian,2019-02-13,2019-02-13,2,myanmar,g10p0_68
10/27/2022 15:06:44,10,0,68a,95.89259,26.90796,2019-02-13,2019-02-11,Forest,0,0,"",ian,,,,myanmar,g10p0_68a
10/27/2022 14:50:34,10,0,69,95.88549,26.92674,2019-02-24,2019-02-18,Forest,1,1,"imagery from 24 feb is off, so using 2 march for exact coordinates",ian,2019-02-24,2019-02-24,6,myanmar,g10p0_69
10/27/2022 15:07:26,10,0,69a,95.88006,26.92273,2019-02-24,2019-02-18,Forest,0,0,"",ian,,,,myanmar,g10p0_69a
10/20/2022 16:10:44,10,0,6a,93.88409,22.66239,2019-01-19,2019-01-17,Forest,0,0,"",ian,,,,myanmar,g10p0_6a
10/21/2022 9:22:42,10,0,7,93.88886,22.64882,2019-01-26,2019-01-23,Forest,1,1,"",ian,2019-01-26,2019-01-26,3,myanmar,g10p0_7
10/27/2022 15:05:16,10,0,70,95.83739,26.88067,2019-03-20,2019-03-14,Forest,1,1,"",ian,2019-03-20,2019-03-20,6,myanmar,g10p0_70
10/27/2022 15:07:56,10,0,70a,95.83611,26.88982,2019-03-20,2019-03-14,Forest,0,0,"",ian,,,,myanmar,g10p0_70a
10/27/2022 15:38:22,10,0,71,96.00823,26.95849,2019-02-13,2019-02-12,Forest,1,1,"",ian,2019-02-13,2019-02-13,1,myanmar,g10p0_71
10/27/2022 15:39:54,10,0,71a,96.00309,26.95337,2019-02-13,2019-02-12,Forest,0,0,"",ian,,,,myanmar,g10p0_71a
10/28/2022 8:54:00,10,0,72,96.07707,26.99822,2019-02-15,2019-02-13,Forest,1,1,"",ian,2019-02-15,2019-02-15,2,myanmar,g10p0_72
10/28/2022 8:58:38,10,0,72a,96.07238,27.00269,2019-02-15,2019-02-13,Forest,0,0,"",ian,,,,myanmar,g10p0_72a
10/28/2022 8:56:47,10,0,73,96.07398,26.99366,2019-03-01,2019-02-15,Forest,1,1,"",ian,2019-03-01,2019-03-01,14,myanmar,g10p0_73
10/28/2022 8:59:11,10,0,73a,96.07717,26.98634,2019-03-01,2019-02-15,Forest,0,0,"",ian,,,,myanmar,g10p0_73a
10/28/2022 9:14:34,10,0,74,96.1024,27.00344,2019-03-17,2019-03-03,Forest,1,1,"",ian,2019-03-17,2019-03-17,14,myanmar,g10p0_74
10/28/2022 9:19:01,10,0,74a,96.10728,27.0065,2019-03-17,2019-03-03,Forest,0,0,"",ian,,,,myanmar,g10p0_74a
10/28/2022 9:15:31,10,0,75,96.09949,27.00378,2019-03-17,2019-03-03,Forest,1,1,"",ian,2019-03-17,2019-03-17,14,myanmar,g10p0_75
10/28/2022 9:19:37,10,0,75a,96.08978,27.00307,2019-03-17,2019-03-03,Forest,0,0,"",ian,,,,myanmar,g10p0_75a
10/28/2022 9:25:21,10,0,76,96.12842,26.99954,2019-04-06,2019-03-30,Forest,1,1,seen by s2 first,ian,2019-04-06,2019-04-06,7,myanmar,g10p0_76
10/28/2022 9:36:42,10,0,76a,96.12749,27.00145,2019-04-06,2019-03-30,Forest,0,0,"",ian,,,,myanmar,g10p0_76a
10/28/2022 9:30:57,10,0,77,96.13022,26.98775,2019-03-21,2019-03-03,Forest,1,1,"",ian,2019-03-21,2019-03-21,18,myanmar,g10p0_77
10/28/2022 9:37:32,10,0,77a,96.13004,26.98583,2019-03-21,2019-03-03,Forest,0,0,"",ian,,,,myanmar,g10p0_77a
10/28/2022 9:33:57,10,0,78,96.13048,26.99803,2019-03-21,2019-03-03,Forest,1,1,"",ian,2019-03-21,2019-03-21,18,myanmar,g10p0_78
10/28/2022 9:38:17,10,0,78a,96.13082,27.00097,2019-03-21,2019-03-03,Forest,0,0,"",ian,,,,myanmar,g10p0_78a
10/28/2022 9:52:31,10,0,79,96.15253,26.97971,2019-03-10,2019-03-03,Forest,1,1,not super great imagery; confirmation from 17 march s2,ian,2019-03-10,2019-03-10,7,myanmar,g10p0_79
10/28/2022 9:53:38,10,0,79a,96.15294,26.97591,2019-03-10,2019-03-03,Forest,0,0,"",ian,,,,myanmar,g10p0_79a
10/21/2022 9:26:24,10,0,7a,93.88286,22.64454,2019-01-26,2019-01-23,Forest,0,0,"",ian,,,,myanmar,g10p0_7a
10/21/2022 10:59:24,10,0,8,95.14241,23.86953,2019-03-02,2019-02-21,Forest,1,1,"",ian,2019-03-02,2019-03-02,9,myanmar,g10p0_8
10/28/2022 9:58:36,10,0,80,96.21613,26.91691,2019-03-02,2019-02-14,Forest,1,1,first imagery is s2,ian,2019-03-02,2019-03-02,16,myanmar,g10p0_80
10/28/2022 10:00:55,10,0,80a,96.22351,26.91705,2019-03-02,2019-02-14,Forest,0,0,"",ian,,,,myanmar,g10p0_80a
10/28/2022 9:59:49,10,0,81,96.2104,26.91184,2019-03-02,2019-02-14,Forest,1,1,first dist imagery is s2,ian,2019-03-02,2019-03-02,16,myanmar,g10p0_81
10/28/2022 10:01:33,10,0,81a,96.20664,26.91526,2019-03-02,2019-02-14,Forest,0,0,"",ian,,,,myanmar,g10p0_81a
10/28/2022 10:24:25,10,0,82,96.16671,27.16083,2019-01-25,2019-01-24,Forest,1,1,"",ian,2019-01-25,2019-01-25,1,myanmar,g10p0_82
10/28/2022 10:32:45,10,0,82a,96.18496,27.16738,2019-01-25,2019-01-24,Forest,0,0,"",ian,,,,myanmar,g10p0_82a
10/28/2022 10:27:02,10,0,83,96.19801,27.16885,2019-02-03,2019-01-31,Forest,1,1,"",ian,2019-02-03,2019-02-03,3,myanmar,g10p0_83
10/28/2022 10:33:23,10,0,83a,96.19552,27.16938,2019-02-03,2019-01-31,Forest,0,0,"",ian,,,,myanmar,g10p0_83a
10/28/2022 10:30:17,10,0,84,96.20378,27.18596,2019-02-12,2019-02-06,Forest,1,1,"",ian,2019-02-12,2019-02-12,6,myanmar,g10p0_84
10/28/2022 10:34:11,10,0,84a,96.204,27.18168,2019-02-12,2019-02-06,Forest,0,0,"",ian,,,,myanmar,g10p0_84a
10/28/2022 11:48:07,10,0,85,96.26598,27.17092,2019-03-23,2019-03-14,Forest,1,1,"",ian,2019-03-23,2019-03-23,9,myanmar,g10p0_85
10/28/2022 11:58:26,10,0,85a,96.2632,27.16523,2019-03-23,2019-03-14,Forest,0,0,"",ian,,,,myanmar,g10p0_85a
10/21/2022 11:00:42,10,0,8a,95.14647,23.88747,2019-03-02,2019-02-21,Forest,0,0,"",ian,,,,myanmar,g10p0_8a
10/21/2022 11:07:47,10,0,9,95.27754,24.1112,2019-02-19,2019-02-15,Forest,1,1,"",ian,2019-02-19,2019-02-19,4,myanmar,g10p0_9
10/21/2022 11:08:50,10,0,9a,95.28296,24.11315,2019-02-19,2019-02-15,Forest,0,0,"",ian,,,,myanmar,g10p0_9a
02/01/2022 14:18,168,0,1,97.95578,25.50761,2019-04-25,2019-04-23,Forest,1,1,"replacement for g16p1_1, shifted slightly N to be in the center of the dist",ian,2019-04-25,2019-04-25,2,myanmar,g168p0_1
07/11/2022 13:01,168,0,1a,97.95963,25.55836,2019-04-25,2019-04-23,Forest,0,0,"",ian,,,,myanmar,g168p0_1a
02/01/2022 14:22,168,0,2,98.03126,25.59269,2019-04-25,2019-04-23,Forest,1,0.8,"replacement for g16p1_2, shifted slightly to be more in center of dist",ian,2019-04-25,2019-04-25,2,myanmar,g168p0_2
07/11/2022 13:04,168,0,2a,98.02167,25.60736,2019-04-25,2019-04-23,Forest,0,0,"",ian,,,,myanmar,g168p0_2a
02/01/2022 14:27,168,0,3,97.6616,25.47749,2019-03-15,2019-03-13,Forest,1,1,"replacement for g169p3_1, shifted E. Best imagery pre and post is 11 and 15 Mar bc the 13 Mar PLANET image is geographically off. However, the latter doesn't show dist at that date, so we're using that as the pre-date",ian,2019-03-15,2019-03-15,2,myanmar,g168p0_3
07/11/2022 13:07,168,0,3a,97.64774,25.47951,2019-03-15,2019-03-13,Forest,0,0,"",ian,,,,myanmar,g168p0_3a
02/01/2022 14:30,168,0,4,97.59065,25.47253,2019-02-18,2019-02-17,Forest,1,0.9,"replacement for g168p3_2, barely shifted",ian,2019-02-18,2019-02-18,1,myanmar,g168p0_4
07/11/2022 13:11,168,0,4a,97.56045,25.49639,2019-02-18,2019-02-17,Forest,0,0,"",ian,,,,myanmar,g168p0_4a
02/01/2022 14:38,168,0,5,97.36247,21.75592,2019-01-21,2019-01-20,Forest,1,1,"replacement for g168p5_2, shifted barely to be in center",ian,2019-01-21,2019-01-21,1,myanmar,g168p0_5
07/11/2022 13:13,168,0,5a,97.36894,21.70338,2019-01-21,2019-01-20,Forest,0,0,"",ian,,,,myanmar,g168p0_5a
02/01/2022 14:53,168,0,6,97.59509,24.02833,2019-03-19,2019-03-14,Forest,1,1,replacement of g168p9_1 bc that was apparently in China. The 19 March dist date is from S2,ian,2019-03-19,2019-03-19,5,myanmar,g168p0_6
07/11/2022 13:15,168,0,6a,97.58203,24.03422,2019-03-19,2019-03-14,Forest,0,0,"",ian,,,,myanmar,g168p0_6a
02/01/2022 14:33,168,4,1,98.9437,23.15751,2019-02-22,2019-02-20,Forest,1,0.6,original,ian,2019-02-22,2019-02-22,2,myanmar,g168p4_1
07/11/2022 13:18,168,4,1a,98.94234,23.14469,2019-02-22,2019-02-20,Forest,0,0,"",ian,,,,myanmar,g168p4_1a
02/01/2022 14:35,168,4,2,98.99731,23.10628,2019-02-17,2019-02-16,Forest,1,0.8,original,ian,2019-02-17,2019-02-17,1,myanmar,g168p4_2
07/11/2022 13:20,168,4,2a,98.98832,23.07169,2019-02-17,2019-02-16,Forest,0,0,"",ian,,,,myanmar,g168p4_2a
02/01/2022 14:40,168,5,3,97.51903,21.75975,2019-01-21,2019-01-20,Forest,1,1,original,ian,2019-01-21,2019-01-21,1,myanmar,g168p5_3
07/11/2022 13:22,168,5,3a,97.50407,21.7666,2019-01-21,2019-01-20,Forest,0,0,"",ian,,,,myanmar,g168p5_3a
02/02/2022 08:31,169,0,1,98.88813,22.33077,2019-02-21,2019-02-20,Forest,1,1,replacement for g169p2_2 (barely shifted),ian,2019-02-21,2019-02-21,1,myanmar,g169p0_1
07/11/2022 13:24,169,0,1a,98.89436,22.35599,2019-02-21,2019-02-20,Forest,0,0,"",ian,,,,myanmar,g169p0_1a
02/02/2022 08:35,169,0,2,98.17343,21.98557,2019-03-01,2019-02-28,Forest,1,1,replacement for g169p3_1 (shifted E for better dates),ian,2019-03-01,2019-03-01,1,myanmar,g169p0_2
07/11/2022 14:33,169,0,2a,98.19177,21.96943,2019-03-01,2019-02-28,Forest,0,0,"",ian,,,,myanmar,g169p0_2a
02/02/2022 09:00,169,0,3,99.18198,22.50665,2019-02-06,2019-02-04,Forest,1,1,"replacement for g169p7_2, shifted W to be more in center of dist",ian,2019-02-06,2019-02-06,2,myanmar,g169p0_3
07/11/2022 14:34,169,0,3a,99.15936,22.49196,2019-02-06,2019-02-04,Forest,0,0,"",ian,,,,myanmar,g169p0_3a
02/02/2022 09:17,169,0,4,99.14298,22.57342,2019-02-04,2019-02-03,Forest,1,1,"replacement for g169p9_1, shifted SE to have better dates",ian,2019-02-04,2019-02-04,1,myanmar,g169p0_4
07/11/2022 14:36,169,0,4a,99.14537,22.62008,2019-02-04,2019-02-03,Forest,0,0,"",ian,,,,myanmar,g169p0_4a
02/02/2022 09:19,169,0,5,99.15102,22.54563,2019-02-04,2019-02-03,Forest,1,1,"replacement for g169p2_1, shifted slightly to be center of dist",ian,2019-02-04,2019-02-04,1,myanmar,g169p0_5
07/11/2022 14:37,169,0,5a,99.16789,22.54039,2019-02-04,2019-02-03,Forest,0,0,"",ian,,,,myanmar,g169p0_5a
02/02/2022 09:31,169,0,6,93.42387,22.61261,2019-10-03,2019-10-02,Forest,1,1,"replacement for g169p12_1, shifted N to be in center of dist",ian,2019-10-03,2019-10-03,1,myanmar,g169p0_6
07/11/2022 14:39,169,0,6a,93.44688,22.61892,2019-10-03,2019-10-02,Forest,0,0,"",ian,,,,myanmar,g169p0_6a
02/02/2022 09:43,169,0,7,97.53794,25.23482,2019-03-24,2019-03-21,Forest,1,1,"replacement for g169p15_1, shifted to be more centered in dist",ian,2019-03-24,2019-03-24,3,myanmar,g169p0_7
07/12/2022 08:54,169,0,7a,97.53946,25.22647,2019-03-24,2019-03-21,Forest,0,0,"",ian,,,,myanmar,g169p0_7a
02/02/2022 09:48,169,0,8,99.17588,22.57398,2019-04-05,2019-04-04,Forest,1,0.9,"replacement for g169p16_1, shifted slightly to be centered in dist",ian,2019-04-05,2019-04-05,1,myanmar,g169p0_8
07/12/2022 08:58,169,0,8a,99.16373,22.56307,2019-04-05,2019-04-04,Forest,0,0,"",ian,,,,myanmar,g169p0_8a
02/02/2022 10:00,169,0,9,97.54752,23.67785,2019-02-12,2019-02-10,Forest,1,0.5,"shifted W because could barely see the disturbance for (97.55044, 23.67773), plus there appeared to already be a disturbance in that area some days prior. replacement for g169p18_1, original point was not a dist on that date but couldn't see due to imagery, so this is a full replacement",ian,2019-02-12,2019-02-12,2,myanmar,g169p0_9
07/12/2022 09:22,169,0,9a,97.54433,23.68902,2019-02-12,2019-02-10,Forest,0,0,"",ian,,,,myanmar,g169p0_9a
02/02/2022 09:28,169,10,1,99.45143,21.78905,2019-02-21,2019-02-19,Forest,1,1,original,ian,2019-02-21,2019-02-21,2,myanmar,g169p10_1
07/12/2022 09:30,169,10,1a,99.44279,21.79231,2019-02-21,2019-02-19,Forest,0,0,"",ian,,,,myanmar,g169p10_1a
02/02/2022 09:34,169,12,2,93.43374,22.61873,2019-09-18,2019-09-17,Forest,1,1,"original, this was flagged before for having a long latency / false neg, but the dist is very clear from imagery",ian,2019-09-18,2019-09-18,1,myanmar,g169p12_2
07/12/2022 09:33,169,12,2a,93.44676,22.64841,2019-09-18,2019-09-17,Forest,0,0,"",ian,,,,myanmar,g169p12_2a
02/02/2022 09:37,169,14,1,99.9709,21.41902,2019-02-06,2019-02-04,Forest,1,1,original,ian,2019-02-06,2019-02-06,2,myanmar,g169p14_1
07/12/2022 09:36,169,14,1a,99.99666,21.41895,2019-02-06,2019-02-04,Forest,0,0,"",ian,,,,myanmar,g169p14_1a
02/02/2022 09:40,169,14,2,99.982875,21.406125,2019-01-27,2019-01-23,Forest,1,1,original,ian,2019-01-27,2019-01-27,4,myanmar,g169p14_2
07/12/2022 10:44,169,14,2a,99.96138,21.38214,2019-01-27,2019-01-23,Forest,0,0,"",ian,,,,myanmar,g169p14_2a
02/02/2022 09:45,169,15,2,97.52143,25.23276,2019-03-24,2019-03-21,Forest,1,0.8,original,ian,2019-03-24,2019-03-24,3,myanmar,g169p15_2
07/12/2022 10:46,169,15,2a,97.53201,25.22014,2019-03-24,2019-03-21,Forest,0,0,"",ian,,,,myanmar,g169p15_2a
02/02/2022 10:02,169,19,1,98.64267,21.10741,2019-01-31,2019-01-30,Forest,1,1,original,ian,2019-01-31,2019-01-31,1,myanmar,g169p19_1
07/12/2022 10:49,169,19,1a,98.63034,21.11531,2019-01-31,2019-01-30,Forest,0,0,"",ian,,,,myanmar,g169p19_1a
02/02/2022 08:29,169,2,1,98.88628,22.32981,2019-02-21,2019-02-20,Forest,1,0.8,original,ian,2019-02-21,2019-02-21,1,myanmar,g169p2_1
07/12/2022 10:51,169,2,1a,98.8793,22.31779,2019-02-21,2019-02-20,Forest,0,0,"",ian,,,,myanmar,g169p2_1a
02/02/2022 08:37,169,4,1,97.57407,25.30497,2019-04-11,2019-04-08,Forest,1,1,original,ian,2019-04-11,2019-04-11,3,myanmar,g169p4_1
07/12/2022 10:54,169,4,1a,97.62325,25.28889,2019-04-11,2019-04-08,Forest,0,0,"",ian,,,,myanmar,g169p4_1a
02/02/2022 08:41,169,6,1,98.06432,25.64526,2019-03-29,2019-03-24,Forest,1,0.9,"original, but initially flagged for having high false pos. This might be because it was burned? I extended the previous date so we'll see if the models perform better",ian,2019-03-29,2019-03-29,5,myanmar,g169p6_1
07/12/2022 10:58,169,6,1a,98.06631,25.66076,2019-03-29,2019-03-24,Forest,0,0,"",ian,,,,myanmar,g169p6_1a
02/02/2022 08:45,169,7,1,99.15969,22.52341,2019-02-06,2019-02-04,Forest,1,1,original,ian,2019-02-06,2019-02-06,2,myanmar,g169p7_1
07/12/2022 11:00,169,7,1a,99.13439,22.5267,2019-02-06,2019-02-04,Forest,0,0,"",ian,,,,myanmar,g169p7_1a
02/02/2022 09:04,169,8,1,99.10803,21.21076,2019-02-21,2019-02-20,Forest,1,0.9,original,ian,2019-02-21,2019-02-21,1,myanmar,g169p8_1
07/12/2022 11:03,169,8,1a,99.11962,21.21979,2019-02-21,2019-02-20,Forest,0,0,"",ian,,,,myanmar,g169p8_1a
02/02/2022 09:12,169,8,2,99.08503,21.15328,2019-02-23,2019-02-22,Forest,1,0.9,original,ian,2019-02-23,2019-02-23,1,myanmar,g169p8_2
07/12/2022 11:05,169,8,2a,99.08697,21.13176,2019-02-23,2019-02-22,Forest,0,0,"",ian,,,,myanmar,g169p8_2a
02/02/2022 09:21,169,9,3,99.16607,22.63709,2019-02-04,2019-02-03,Forest,1,1,original,ian,2019-02-04,2019-02-04,1,myanmar,g169p9_3
07/12/2022 11:07,169,9,3a,99.17284,22.665,2019-02-04,2019-02-03,Forest,0,0,"",ian,,,,myanmar,g169p9_3a
02/02/2022 10:15,170,0,1,98.28182,23.3298,2019-02-08,2019-02-07,Forest,1,0.9,"replacement for g170p4_1, shifted slightly to be centered in dist",ian,2019-02-08,2019-02-08,1,myanmar,g170p0_1
07/12/2022 11:10,170,0,1a,98.2825,23.3141,2019-02-08,2019-02-07,Forest,0,0,"",ian,,,,myanmar,g170p0_1a
02/02/2022 10:23,170,0,2,98.83027,22.47323,2019-02-21,2019-02-20,Forest,1,1,replacement for g170p5_2,ian,2019-02-21,2019-02-21,1,myanmar,g170p0_2
07/12/2022 11:15,170,0,2a,98.77513,22.45451,2019-02-21,2019-02-20,Forest,0,0,"",ian,,,,myanmar,g170p0_2a
02/02/2022 10:31,170,0,3,95.70417,26.4464,2019-02-08,2019-02-07,Forest,1,0.9,"replacement for g170p6_1, shifted E. Note that original point was flagged for giving terrible results",ian,2019-02-08,2019-02-08,1,myanmar,g170p0_3
07/12/2022 11:20,170,0,3a,95.7545,26.44814,2019-02-08,2019-02-07,Forest,0,0,"",ian,,,,myanmar,g170p0_3a
02/02/2022 10:37,170,0,4,95.70031,26.44641,2019-02-03,2019-02-02,Forest,1,1,replacement for g170p6_2,ian,2019-02-03,2019-02-03,1,myanmar,g170p0_4
07/12/2022 11:22,170,0,4a,95.68371,26.46134,2019-02-03,2019-02-02,Forest,0,0,"",ian,,,,myanmar,g170p0_4a
02/02/2022 10:40,170,0,5,95.7064,26.44874,2019-02-08,2019-02-07,Forest,1,0.8,"replacement for g170p6_3, shifted slightly",ian,2019-02-08,2019-02-08,1,myanmar,g170p0_5
07/12/2022 11:24,170,0,5a,95.70828,26.43031,2019-02-08,2019-02-07,Forest,0,0,"",ian,,,,myanmar,g170p0_5a
02/02/2022 10:42,170,0,6,95.70645,26.4502,2019-02-08,2019-02-07,Forest,1,1,replacement for g170p6_4,ian,2019-02-08,2019-02-08,1,myanmar,g170p0_6
07/12/2022 11:27,170,0,6a,95.74674,26.44657,2019-02-08,2019-02-07,Forest,0,0,"",ian,,,,myanmar,g170p0_6a
02/02/2022 10:06,170,2,1,93.19817,22.85298,2019-10-31,2019-10-29,Forest,1,0.9,original,ian,2019-10-31,2019-10-31,2,myanmar,g170p2_1
07/12/2022 11:29,170,2,1a,93.16023,22.86094,2019-10-31,2019-10-29,Forest,0,0,"",ian,,,,myanmar,g170p2_1a
02/02/2022 10:08,170,2,2,93.19736,22.85753,2019-11-01,2019-10-31,Forest,1,1,original,ian,2019-11-01,2019-11-01,1,myanmar,g170p2_2
07/12/2022 11:30,170,2,2a,93.16146,22.81882,2019-11-01,2019-10-31,Forest,0,0,"",ian,,,,myanmar,g170p2_2a
02/02/2022 10:12,170,3,1,97.1748,24.06032,2019-01-17,2019-01-15,Forest,1,1,"original, there's definitely logs left over on the ground (or the ground was burned?), so S1 signal doesn't capture this until later",ian,2019-01-17,2019-01-17,2,myanmar,g170p3_1
07/12/2022 11:33,170,3,1a,97.15716,24.05429,2019-01-17,2019-01-15,Forest,0,0,"",ian,,,,myanmar,g170p3_1a
02/02/2022 10:20,170,5,1,98.82346,22.47507,2019-03-04,2019-03-01,Forest,1,1,"original, this is a clear dist but because it's within a larger complex, L8 picks up the signal earlier",ian,2019-03-04,2019-03-04,3,myanmar,g170p5_1
07/12/2022 11:36,170,5,1a,98.818,22.42954,2019-03-04,2019-03-01,Forest,0,0,"",ian,,,,myanmar,g170p5_1a
02/02/2022 10:26,170,5,3,98.82675,22.47348,2019-02-06,2019-02-05,Forest,1,1,original,ian,2019-02-06,2019-02-06,1,myanmar,g170p5_3
07/12/2022 11:37,170,5,3a,98.9051,22.4842,2019-02-06,2019-02-05,Forest,0,0,"",ian,,,,myanmar,g170p5_3a
1/27/2022 11:22:54,1,0,1,98.98691,22.63007,2019-02-26,2019-02-25,Forest,1,1,"same area as g1p1_1, g1p0_2",ian,2019-02-26,2019-02-26,1,myanmar,g1p0_1
1/27/2022 13:25:56,1,0,10,99.7954,21.56202,2019-02-10,2019-02-04,Forest,1,0.7,"replacement for g1p16_1, near g1p0_9",ian,2019-02-10,2019-02-10,6,myanmar,g1p0_10
07/06/2022 08:28,1,0,10a,99.79874,21.5812,2019-02-10,2019-02-04,Forest,0,0,"",ian,,,,myanmar,g1p0_10a
1/27/2022 13:37:42,1,0,11,98.67283,22.51048,2019-03-01,2019-02-25,Forest,1,1,replacement for g1p17_1 (moved slightly),ian,2019-03-01,2019-03-01,4,myanmar,g1p0_11
07/06/2022 08:33,1,0,11a,98.66909,22.50664,2019-03-01,2019-02-25,Forest,0,0,"",ian,,,,myanmar,g1p0_11a
1/27/2022 13:42:59,1,0,12,95.34717,25.59961,2019-03-10,2019-03-04,Forest,1,1,same area as g1p18_1,ian,2019-03-10,2019-03-10,6,myanmar,g1p0_12
07/06/2022 08:45,1,0,12a,95.35641,25.60513,2019-03-10,2019-03-04,Forest,0,0,"",ian,,,,myanmar,g1p0_12a
1/27/2022 13:49:58,1,0,13,97.77182,21.95051,2019-02-07,2019-02-05,Forest,1,0.9,"original replacement was for these coordinates, which did not have true disturbance, thus were changed (97.79726, 21.94718). replacement for g1p19_1",ian,2019-02-07,2019-02-07,2,myanmar,g1p0_13
07/06/2022 09:02,1,0,13a,97.77801,21.95277,2019-02-07,2019-02-05,Forest,0,0,"",ian,,,,myanmar,g1p0_13a
07/05/2022 15:05,1,0,1a,98.99378,22.62461,2019-02-26,2019-02-25,Forest,0,0,"",ian,,,,myanmar,g1p0_1a
1/27/2022 11:25:12,1,0,2,98.98593,22.62755,2019-03-01,2019-02-28,Forest,1,0.7,"originally these coordinates, but changed because right on edge of disturbance in 2018 (98.98494, 22.6298). replacement for g1p1_2, same area as g1p1_1, g1p0_1",ian,2019-03-01,2019-03-01,1,myanmar,g1p0_2
07/06/2022 09:12,1,0,2a,99.00293,22.625,2019-03-01,2019-02-28,Forest,0,0,"",ian,,,,myanmar,g1p0_2a
1/27/2022 11:35:41,1,0,3,98.95146,22.51978,2019-02-12,2019-02-07,Forest,1,1,"originally these coordinates, but replaced because the disturbance wasn't actually that visible (98.95016, 22.53411). replacement for g1p2_1",ian,2019-02-12,2019-02-12,5,myanmar,g1p0_3
07/06/2022 09:43,1,0,3a,98.94231,22.51946,2019-02-12,2019-02-07,Forest,0,0,"",ian,,,,myanmar,g1p0_3a
1/27/2022 11:49:20,1,0,4,97.28466,23.43148,2019-03-10,2019-03-04,Forest,1,1,"same area and scenario as g1p4_1, but larger disturbance",ian,2019-03-10,2019-03-10,6,myanmar,g1p0_4
07/06/2022 09:47,1,0,4a,97.29482,23.45833,2019-03-10,2019-03-04,Forest,0,0,"",ian,,,,myanmar,g1p0_4a
1/27/2022 12:02:12,1,0,5,98.80529,21.25472,2019-02-03,2019-02-01,Forest,1,1,"replacement of g1p9_1, same area as g1p0_6",ian,2019-02-03,2019-02-03,2,myanmar,g1p0_5
07/06/2022 09:51,1,0,5a,98.79658,21.26625,2019-02-03,2019-02-01,Forest,0,0,"",ian,,,,myanmar,g1p0_5a
1/27/2022 12:03:40,1,0,6,98.80434,21.25618,2019-02-03,2019-02-01,Forest,1,0.9,same area as g1p0_5,ian,2019-02-03,2019-02-03,2,myanmar,g1p0_6
07/06/2022 10:04,1,0,6a,98.82398,21.2517,2019-02-03,2019-02-01,Forest,0,0,"",ian,,,,myanmar,g1p0_6a
1/27/2022 12:08:16,1,0,7,97.28389,24.971,2019-02-12,2019-02-11,Forest,1,0.9,"replacement for g1p10_1. Nothing wrong with the original point, but in terms of getting % disturbed, can't tell if a dark spot is forest or not, so I moved it some meters SW",ian,2019-02-12,2019-02-12,1,myanmar,g1p0_7
07/06/2022 10:08,1,0,7a,97.28947,24.94577,2019-02-12,2019-02-11,Forest,0,0,"",ian,,,,myanmar,g1p0_7a
1/27/2022 13:12:58,1,0,8,95.42545,26.02733,2019-01-31,2019-01-27,Forest,1,1,shifted from original to be full disturbance. replacement for g1p12_1 (same disturbance area),ian,2019-01-31,2019-01-31,4,myanmar,g1p0_8
07/06/2022 10:16,1,0,8a,95.43456,26.02466,2019-01-31,2019-01-27,Forest,0,0,"",ian,,,,myanmar,g1p0_8a
1/27/2022 13:22:32,1,0,9,99.76596,21.54345,2019-02-11,2019-02-10,Forest,1,1,near g1p0_10,ian,2019-02-11,2019-02-11,1,myanmar,g1p0_9
07/06/2022 10:20,1,0,9a,99.7809,21.55756,2019-02-11,2019-02-10,Forest,0,0,"",ian,,,,myanmar,g1p0_9a
1/27/2022 13:40:23,1,18,1,95.350875,25.618625,2019-03-12,2019-03-04,Forest,1,1,original,ian,2019-03-12,2019-03-12,8,myanmar,g1p18_1
07/06/2022 10:25,1,18,1a,95.36884,25.62287,2019-03-12,2019-03-04,Forest,0,0,"",ian,,,,myanmar,g1p18_1a
1/27/2022 11:20:04,1,1,1,98.98476,22.62947,2019-02-26,2019-02-25,Forest,1,1,"original, same area as g1p0_2, g1p0_1",ian,2019-02-26,2019-02-26,1,myanmar,g1p1_1
07/06/2022 10:29,1,1,1a,99.00948,22.62278,2019-02-26,2019-02-25,Forest,0,0,"",ian,,,,myanmar,g1p1_1a
1/27/2022 11:40:33,1,3,1,96.54938,23.03206,2019-03-24,2019-03-19,Forest,1,1,"original, changed the date of dist due to good imagery",ian,2019-03-24,2019-03-24,5,myanmar,g1p3_1
07/06/2022 10:33,1,3,1a,96.51342,23.0147,2019-03-24,2019-03-19,Forest,0,0,"",ian,,,,myanmar,g1p3_1a
1/27/2022 11:47:48,1,4,1,97.28067,23.42716,2019-03-10,2019-03-04,Forest,1,0.9,"original. This disturbance is part of a much larger one, but this is like a remnant small part they left from the beginning. Same area as g1p0_4",ian,2019-03-10,2019-03-10,6,myanmar,g1p4_1
07/06/2022 10:35,1,4,1a,97.26941,23.4372,2019-03-10,2019-03-04,Forest,0,0,"",ian,,,,myanmar,g1p4_1a
1/27/2022 11:52:58,1,5,1,95.62226,24.64116,2019-02-01,2019-01-27,Forest,1,1,"original, shifting slightly so as to avoid negative disturbance detection. initial coordinates were these (95.62219, 24.64093)",ian,2019-02-01,2019-02-01,5,myanmar,g1p5_1
07/06/2022 10:47,1,5,1a,95.62718,24.64095,2019-02-01,2019-01-27,Forest,0,0,"",ian,,,,myanmar,g1p5_1a
1/27/2022 13:55:19,2,0,1,97.53173,24.35595,2019-02-10,2019-02-07,Forest,1,1,"shifted from original because couldn't really see disturbance at these coordinates (97.53099, 24.35257). replacement for g2p1_1",ian,2019-02-10,2019-02-10,3,myanmar,g2p0_1
1/28/2022 10:36:35,2,0,10,95.21801,24.68417,2019-03-10,2019-03-04,Road,0.9,0.3,replacement for g2p16_1,ian,2019-03-10,2019-03-10,6,myanmar,g2p0_10
07/06/2022 11:00,2,0,10a,95.21504,24.68347,2019-03-10,2019-03-04,Forest,0,0,"",ian,,,,myanmar,g2p0_10a
1/28/2022 12:51:53,2,0,11,98.08991,22.80495,2019-03-18,2019-03-15,Forest,1,1,"shifting a bit to show clearer disturbance and not have negative detections. initial coordinates were (98.08171, 22.80297). replacement for g2p17_1",ian,2019-03-18,2019-03-18,3,myanmar,g2p0_11
07/06/2022 11:12,2,0,11a,98.07921,22.80816,2019-03-18,2019-03-15,Forest,0,0,"",ian,,,,myanmar,g2p0_11a
1/28/2022 13:25:36,2,0,12,93.4773,23.41213,2019-03-29,2019-03-26,Forest,1,1,"replacement for g2p19_1. Pretty clear dist, but the underlying ground is dark. Not sure if that will show up in ts",ian,2019-03-29,2019-03-29,3,myanmar,g2p0_12
07/06/2022 11:35,2,0,12a,93.4512,23.42412,2019-03-29,2019-03-26,Forest,0,0,"",ian,,,,myanmar,g2p0_12a
1/28/2022 13:32:20,2,0,13,97.20502,23.12179,2019-02-19,2019-02-18,Forest,1,1,"shifted to be clearer disturbance, initially at (97.20803, 23.12201). replacement for g2p20_1 (moved slightly down)",ian,2019-02-19,2019-02-19,1,myanmar,g2p0_13
07/06/2022 11:41,2,0,13a,97.20729,23.12552,2019-02-19,2019-02-18,Forest,0,0,"",ian,,,,myanmar,g2p0_13a
07/06/2022 10:55,2,0,1a,97.53577,24.34857,2019-02-10,2019-02-07,Forest,0,0,"",ian,,,,myanmar,g2p0_1a
1/27/2022 14:02:27,2,0,2,98.96372,22.18176,2019-02-21,2019-02-20,Forest,1,0.8,replacement for g2p4_1,ian,2019-02-21,2019-02-21,1,myanmar,g2p0_2
07/06/2022 11:46,2,0,2a,98.90585,22.1779,2019-02-21,2019-02-20,Forest,0,0,"",ian,,,,myanmar,g2p0_2a
1/27/2022 14:49:54,2,0,3,97.60256,24.40724,2019-04-11,2019-04-09,Forest,1,0.9,replacement for g2p8_1,ian,2019-04-11,2019-04-11,2,myanmar,g2p0_3
07/06/2022 11:53,2,0,3a,97.60336,24.40377,2019-04-11,2019-04-09,Forest,0,0,"",ian,,,,myanmar,g2p0_3a
1/27/2022 15:05:05,2,0,4,99.82418,21.62264,2019-02-19,2019-02-14,Road,1,0.5,"replacement for g2p9_1. Note that the 19 Feb imagery is off from the others, so I validated using 20 Feb. Same area as g2p0_5",ian,2019-02-19,2019-02-19,5,myanmar,g2p0_4
07/06/2022 11:57,2,0,4a,99.85024,21.65805,2019-02-19,2019-02-14,Forest,0,0,"",ian,,,,myanmar,g2p0_4a
1/27/2022 15:12:45,2,0,6,98.28879,22.31981,2019-01-23,2019-01-21,Forest,1,0.8,replacement for g2p10_1 (moved slightly up),natalie,2019-01-23,2019-01-23,2,myanmar,g2p0_6
07/06/2022 12:00,2,0,6a,98.29722,22.30037,2019-01-23,2019-01-21,Forest,0,0,"",ian,,,,myanmar,g2p0_6a
1/27/2022 15:20:41,2,0,7,99.05353,22.87405,2019-01-26,2019-01-25,Forest,1,1,replacement for g2p11_1,ian,2019-01-26,2019-01-26,1,myanmar,g2p0_7
07/06/2022 12:54,2,0,7a,99.05996,22.89537,2019-01-26,2019-01-25,Forest,0,0,"",ian,,,,myanmar,g2p0_7a
1/28/2022 10:22:39,2,0,8,99.79941,21.70853,2019-01-16,2019-01-15,Forest,1,1,replacement for g1p13_1,natalie,2019-01-16,2019-01-16,1,myanmar,g2p0_8
07/06/2022 12:56,2,0,8a,99.82922,21.71737,2019-01-16,2019-01-15,Forest,0,0,"",ian,,,,myanmar,g2p0_8a
1/28/2022 10:27:09,2,0,9,98.83224,21.01459,2019-03-10,2019-03-04,Forest,1,0.8,"shifted because disturbance was not clear, initial coordinates were (98.81054, 21.00622). replacement for g2p15_1",ian,2019-03-10,2019-03-10,6,myanmar,g2p0_9
07/06/2022 13:07,2,0,9a,98.83236,21.00365,2019-03-10,2019-03-04,Forest,0,0,"",ian,,,,myanmar,g2p0_9a
1/28/2022 8:54:07,2,1,12,93.30395,22.62533,2019-10-24,2019-10-23,Forest,1,1,original,natalie,2019-10-24,2019-10-24,1,myanmar,g2p1_12
07/06/2022 13:44,2,1,12a,93.31731,22.60279,2019-10-24,2019-10-23,Forest,0,0,"",ian,,,,myanmar,g2p1_12a
1/28/2022 12:55:01,2,1,18,96.64369,22.69705,2019-02-12,2019-02-10,Forest,1,1,original,natalie,2019-02-12,2019-02-12,2,myanmar,g2p1_18
07/06/2022 13:50,2,1,18a,96.65495,22.701,2019-02-12,2019-02-10,Forest,0,0,"",ian,,,,myanmar,g2p1_18a
1/27/2022 14:38:00,2,7,1,95.88907,26.01235,2019-04-24,2019-04-20,Forest,1,1,original,natalie,2019-04-24,2019-04-24,4,myanmar,g2p7_1
07/06/2022 13:53,2,7,1a,95.90664,26.02344,2019-04-24,2019-04-20,Forest,0,0,"",ian,,,,myanmar,g2p7_1a
1/28/2022 13:36:57,3,0,1,93.43198,22.7706,2019-04-17,2019-04-14,Road,1,0.7,"replacement for g3p1_1. Note that in the ts, only S2 shows strong signal, which is interesting.",natalie,2019-04-17,2019-04-17,3,myanmar,g3p0_1
1/28/2022 15:50:44,3,0,10,93.3424,22.63118,2019-02-03,2019-02-01,Forest,1,0.9,replacement for g3p14_1 (directly next to original),natalie,2019-02-03,2019-02-03,2,myanmar,g3p0_10
07/06/2022 14:01,3,0,10a,93.33444,22.61471,2019-02-03,2019-02-01,Forest,0,0,"",ian,,,,myanmar,g3p0_10a
1/28/2022 15:59:57,3,0,11,97.56386,23.55811,2019-01-25,2019-01-22,Forest,1,0.4,"replacement for g3p16_1 (same area, but earlier in year so is more usable)",ian,2019-01-25,2019-01-25,3,myanmar,g3p0_11
07/06/2022 14:03,3,0,11a,97.57772,23.54265,2019-01-25,2019-01-22,Forest,0,0,"",ian,,,,myanmar,g3p0_11a
1/28/2022 16:03:27,3,0,12,96.56944,22.75244,2019-01-23,2019-01-22,Forest,1,1,replacement for g3p17_1,ian,2019-01-23,2019-01-23,1,myanmar,g3p0_12
07/06/2022 14:06,3,0,12a,96.55456,22.72869,2019-01-23,2019-01-22,Forest,0,0,"",ian,,,,myanmar,g3p0_12a
1/28/2022 16:15:04,3,0,13,97.9565,25.7148,2019-04-19,2019-04-15,Forest,1,1,replacement for g3p18_1,ian,2019-04-19,2019-04-19,4,myanmar,g3p0_13
07/06/2022 14:09,3,0,13a,97.9961,25.72363,2019-04-19,2019-04-15,Forest,0,0,"",ian,,,,myanmar,g3p0_13a
1/28/2022 16:21:08,3,0,14,95.84417,25.8437,2019-04-08,2019-04-04,Forest,1,0.7,replacement for g3p20_1 (to have earlier in year),ian,2019-04-08,2019-04-08,4,myanmar,g3p0_14
07/06/2022 14:12,3,0,14a,95.83922,25.84714,2019-04-08,2019-04-04,Forest,0,0,"",ian,,,,myanmar,g3p0_14a
07/06/2022 13:57,3,0,1a,93.45367,22.76139,2019-04-17,2019-04-14,Forest,0,0,"",ian,,,,myanmar,g3p0_1a
1/28/2022 13:46:37,3,0,2,97.48208,25.45996,2019-03-21,2019-03-19,Forest,1,0.9,replacement for g3p2_1,ian,2019-03-21,2019-03-21,2,myanmar,g3p0_2
07/07/2022 08:17,3,0,2a,97.47594,25.45055,2019-03-21,2019-03-19,Forest,0,0,"",ian,,,,myanmar,g3p0_2a
1/28/2022 13:51:25,3,0,3,98.27786,20.92821,2019-03-26,2019-03-21,Forest,1,1,replacement for g3p3_1,ian,2019-03-26,2019-03-26,5,myanmar,g3p0_3
07/07/2022 08:26,3,0,3a,98.28544,20.91508,2019-03-26,2019-03-21,Forest,0,0,"",ian,,,,myanmar,g3p0_3a
1/28/2022 14:02:41,3,0,4,98.03753,22.73582,2019-02-16,2019-02-14,Forest,1,0.8,replacement for g3p7_1,ian,2019-02-16,2019-02-16,2,myanmar,g3p0_4
07/07/2022 08:36,3,0,4a,98.0208,22.75124,2019-02-16,2019-02-14,Forest,0,0,"",ian,,,,myanmar,g3p0_4a
1/28/2022 14:09:52,3,0,5,97.76678,23.23289,2019-03-04,2019-03-03,Forest,1,0.9,"shifted to get clearer image of disturbance, originall was (97.76266, 23.23699). replacement for g3p8_1",ian,2019-03-04,2019-03-04,1,myanmar,g3p0_5
07/07/2022 08:58,3,0,5a,97.76117,23.23526,2019-03-04,2019-03-03,Forest,0,0,"",ian,,,,myanmar,g3p0_5a
1/28/2022 15:13:22,3,0,6,99.01056,22.05066,2019-04-04,2019-03-30,Forest,1,1,replacement for g3p12_1,ian,2019-04-04,2019-04-04,5,myanmar,g3p0_6
07/07/2022 09:02,3,0,6a,99.0114,22.06043,2019-04-04,2019-03-30,Forest,0,0,"",ian,,,,myanmar,g3p0_6a
1/28/2022 15:35:15,3,0,7,99.01634,22.05223,2019-03-05,2019-03-04,Forest,1,0.9,"originally was road but upon review, could barely see disturbance / road, with coordinates of (99.02042, 22.04896). replacement for g3p12_2",ian,2019-03-05,2019-03-05,1,myanmar,g3p0_7
07/07/2022 09:10,3,0,7a,99.01454,22.05678,2019-03-05,2019-03-04,Forest,0,0,"",ian,,,,myanmar,g3p0_7a
1/28/2022 15:44:27,3,0,8,98.74267,22.13968,2019-01-30,2019-01-27,Forest,1,1,"shifted slightly from (98.74265, 22.13957) to have more accurate date.",ian,2019-01-30,2019-01-30,3,myanmar,g3p0_8
07/07/2022 09:20,3,0,8a,98.73362,22.12291,2019-01-30,2019-01-27,Forest,0,0,"",ian,,,,myanmar,g3p0_8a
1/28/2022 15:47:42,3,0,9,98.74029,22.14001,2019-01-25,2019-01-24,Forest,1,1,replacement for g3p13_1,ian,2019-01-25,2019-01-25,1,myanmar,g3p0_9
07/07/2022 09:25,3,0,9a,98.72988,22.12476,2019-01-25,2019-01-24,Forest,0,0,"",ian,,,,myanmar,g3p0_9a
1/28/2022 13:52:59,3,6,1,95.3091,25.67812,2019-03-21,2019-03-15,Forest,1,1,original,natalie,2019-03-21,2019-03-21,6,myanmar,g3p6_1
07/07/2022 09:31,3,6,1a,95.3118,25.68481,2019-03-21,2019-03-15,Forest,0,0,"",ian,,,,myanmar,g3p6_1a
1/26/2022 14:23:06,42,1,10,95.47929,23.58467,2019-05-17,2019-05-11,Forest,1,0.9,original. Kind of hard to see with the available imagery,ian,2019-05-17,2019-05-17,6,myanmar,g42p1_10
07/11/2022 09:30,42,1,10a,95.47235,23.58369,2019-05-17,2019-05-11,Forest,0,0,"",ian,,,,myanmar,g42p1_10a
1/26/2022 14:31:04,42,1,12,95.59393,23.64462,2019-05-07,2019-04-29,Forest,1,0.4,"original. small disturbance, a bit difficult to see from imagery but the signal is still there.",ian,2019-05-07,2019-05-07,8,myanmar,g42p1_12
07/11/2022 09:36,42,1,12a,95.59152,23.64324,2019-05-07,2019-04-29,Forest,0,0,"",ian,,,,myanmar,g42p1_12a
1/26/2022 14:35:47,42,1,13,95.59415,23.64686,2019-05-09,2019-05-07,Forest,1,0.5,"original. also small dist like the previous points (g42p1_10,12). Note that ts shows no signal",ian,2019-05-09,2019-05-09,2,myanmar,g42p1_13
07/12/2022 12:46,42,1,13a,95.57046,23.65005,2019-05-09,2019-05-07,Forest,0,0,"",ian,,,,myanmar,g42p1_13a
1/26/2022 14:40:32,42,1,14,95.59793,23.647,2019-04-28,2019-04-21,Forest,1,0.9,"original, no signal seen in ts",ian,2019-04-28,2019-04-28,7,myanmar,g42p1_14
07/12/2022 12:47,42,1,14a,95.56824,23.65928,2019-04-28,2019-04-21,Forest,0,0,"",ian,,,,myanmar,g42p1_14a
1/26/2022 14:45:20,42,1,18,95.58191,23.65039,2019-09-15,2019-08-31,Forest,1,1,"original. long interim bc bad imagery, hence why L8  perc is 1",ian,2019-09-15,2019-09-15,15,myanmar,g42p1_18
07/12/2022 12:52,42,1,18a,95.57919,23.65207,2019-09-15,2019-08-31,Forest,0,0,"",ian,,,,myanmar,g42p1_18a
1/26/2022 15:36:42,42,1,21,95.46585,23.58076,2019-06-10,2019-05-28,Forest,1,0.9,original. clear dist but not strong signal on ts,ian,2019-06-10,2019-06-10,13,myanmar,g42p1_21
07/12/2022 13:02,42,1,21a,95.46311,23.57541,2019-06-10,2019-05-28,Forest,0,0,"",ian,,,,myanmar,g42p1_21a
1/26/2022 12:11:28,42,1,7,95.57524,23.67107,2019-03-13,2019-03-10,Forest,1,0.6,same as original,ian,2019-03-13,2019-03-13,3,myanmar,g42p1_7
07/12/2022 13:05,42,1,7a,95.57028,23.67085,2019-03-13,2019-03-10,Forest,0,0,"",ian,,,,myanmar,g42p1_7a
1/26/2022 13:14:12,42,1,8,95.47917,23.57818,2019-05-21,2019-05-19,Forest,1,0.4,"original point. super small disturbance relative to surrounding landscape, doesn't show up well in ts, so wondering if this is a size thing.",ian,2019-05-21,2019-05-21,2,myanmar,g42p1_8
07/12/2022 13:16,42,1,8a,95.47378,23.58115,2019-05-21,2019-05-19,Forest,0,0,"",ian,,,,myanmar,g42p1_8a
1/26/2022 13:39:27,42,1,9,95.4962,23.57812,2019-04-08,2019-03-28,Forest,1,1,"shifted E because original (95.49564, 23.57808) really isn't clear. original. doesn't show up well in ts, only thing I can think of is because it turns green with cover despite being devoid of trees.",ian,2019-04-08,2019-04-08,11,myanmar,g42p1_9
07/12/2022 13:29,42,1,9a,95.49772,23.57152,2019-04-08,2019-03-28,Forest,0,0,"",ian,,,,myanmar,g42p1_9a
1/25/2022 11:21:31,42,2,1,95.51532,23.52916,2019-10-01,2019-09-24,Forest,1,0.6,"Shifted. Not sure what the original coords (95.53187, 23.50737) were referring to because they are in the middle of crop fields and one of the original dist dates had cloud.",ian,2019-10-01,2019-10-01,7,myanmar,g42p2_1
1/25/2022 15:39:56,42,2,10,95.5352,23.51125,2019-06-10,2019-05-31,Forest,1,1,Imagery from Sentinel-2. Verified by PLANET on 28 May and 28 June,ian,2019-06-10,2019-06-10,10,myanmar,g42p2_10
07/12/2022 13:53,42,2,10a,95.53575,23.52263,2019-06-10,2019-05-31,Forest,0,0,"",ian,,,,myanmar,g42p2_10a
1/25/2022 15:48:07,42,2,11,95.45938,23.55804,2019-04-29,2019-04-21,Forest,1,0.9,"",ian,2019-04-29,2019-04-29,8,myanmar,g42p2_11
07/12/2022 13:56,42,2,11a,95.47197,23.56397,2019-04-29,2019-04-21,Forest,0,0,"",ian,,,,myanmar,g42p2_11a
1/26/2022 8:57:38,42,2,12,95.49978,23.52867,2019-05-31,2019-05-28,Forest,1,0.9,"shifted slightly E to not be on edge of dist, original coords were (95.49965, 23.52863). part of a much larger disturbance that was apparently done all within 3 days",ian,2019-05-31,2019-05-31,3,myanmar,g42p2_12
07/12/2022 14:03,42,2,12a,95.50312,23.53052,2019-05-31,2019-05-28,Forest,0,0,"",ian,,,,myanmar,g42p2_12a
1/26/2022 9:08:39,42,2,13,95.46149,23.57892,2019-11-06,2019-11-02,Forest,1,0.9,"",ian,2019-11-06,2019-11-06,4,myanmar,g42p2_13
07/12/2022 14:12,42,2,13a,95.47163,23.58053,2019-11-06,2019-11-02,Forest,0,0,"",ian,,,,myanmar,g42p2_13a
1/26/2022 9:14:18,42,2,14,95.46246,23.57938,2019-11-07,2019-11-06,Forest,1,0.9,"shifted so it's more in the center of the disturbance, away from the original boundary (95.46249, 23.57933). same disturbance as previous (g42p2_13), slightly near the boundary",ian,2019-11-07,2019-11-07,1,myanmar,g42p2_14
07/12/2022 14:17,42,2,14a,95.46096,23.57782,2019-11-07,2019-11-06,Forest,0,0,"",ian,,,,myanmar,g42p2_14a
1/26/2022 9:17:56,42,2,15,95.45989,23.5872,2019-11-06,2019-11-02,Forest,1,0.9,"shifted to be more in center of disturbannce, original coods were (95.45994, 23.58725)",ian,2019-11-06,2019-11-06,4,myanmar,g42p2_15
07/12/2022 14:22,42,2,15a,95.44838,23.58545,2019-11-06,2019-11-02,Forest,0,0,"",ian,,,,myanmar,g42p2_15a
1/26/2022 9:23:25,42,2,16,95.45923,23.58617,2019-10-31,2019-10-26,Forest,1,1,"shifted NW because could barely see a disturbance with (95.46364, 23.58132), and couldn't really measure one.",ian,2019-10-31,2019-10-31,5,myanmar,g42p2_16
07/12/2022 14:35,42,2,16a,95.46363,23.58931,2019-10-31,2019-10-26,Forest,0,0,"",ian,,,,myanmar,g42p2_16a
07/12/2022 13:48,42,2,1a,95.51412,23.53282,2019-10-01,2019-09-24,Forest,0,0,"",ian,,,,myanmar,g42p2_1a
1/25/2022 11:41:51,42,2,2,95.57567,23.67097,2019-03-22,2019-03-15,Forest,1,0.8,"shifted slightly E from (95.57556, 23.67099) to be more centralized.",ian,2019-03-22,2019-03-22,7,myanmar,g42p2_2
7/13/2022 11:03:18,42,2,2a,95.5684,23.66941,2019-03-22,2019-03-15,Forest,0,0,"",ian,,,,myanmar,g42p2_2a
1/25/2022 11:49:59,42,2,3,95.43305,23.62966,2019-03-07,2019-03-03,Road,1,0.9,"7 March date is from S2, confirmed by planet on 8 March",ian,2019-03-07,2019-03-07,4,myanmar,g42p2_3
07/12/2022 14:41,42,2,3a,95.43726,23.63282,2019-03-07,2019-03-03,Forest,0,0,"",ian,,,,myanmar,g42p2_3a
1/25/2022 12:00:29,42,2,4,95.59593,23.64529,2019-04-19,2019-04-09,Forest,1,0.7,"shifted a bit with new dates because disturbance is more clear. Original comment pertains to initial coords (95.59554, 23.64519). pretty sure this is a disturbance, but ultimately difficult to tell during the dry season and with this imagery",ian,2019-04-19,2019-04-19,10,myanmar,g42p2_4
07/12/2022 15:28,42,2,4a,95.59274,23.64502,2019-04-19,2019-04-09,Forest,0,0,"",ian,,,,myanmar,g42p2_4a
1/25/2022 13:06:02,42,2,5,95.45939,23.55959,2019-01-31,2019-01-27,Forest,1,1,"completely changed because original point (95.50828, 23.52481) was relict disturbance from 2018. Jan 31 imagery is s2",ian,2019-01-31,2019-01-31,4,myanmar,g42p2_5
07/12/2022 16:08,42,2,5a,95.47059,23.55634,2019-01-31,2019-01-27,Forest,0,0,"",ian,,,,myanmar,g42p2_5a
1/25/2022 13:17:31,42,2,6,95.53524,23.51126,2019-06-10,2019-05-31,Forest,1,0.9,"imagery on 10 June is S2, verified by PLANET on 28 June. imagery on 31 May is S2, verified by PLANET on 28 May",ian,2019-06-10,2019-06-10,10,myanmar,g42p2_6
07/12/2022 16:12,42,2,6a,95.54275,23.5121,2019-06-10,2019-05-31,Forest,0,0,"",ian,,,,myanmar,g42p2_6a
1/25/2022 13:27:01,42,2,7,95.55266,23.4848,2019-06-10,2019-05-31,Forest,1,1,"Dates are from S2, verified by PLANET on 26 May and 21 June",ian,2019-06-10,2019-06-10,10,myanmar,g42p2_7
07/12/2022 16:16,42,2,7a,95.56511,23.50029,2019-06-10,2019-05-31,Forest,0,0,"",ian,,,,myanmar,g42p2_7a
1/25/2022 13:32:21,42,2,8,95.56323,23.49128,2019-07-19,2019-06-28,Forest,1,1,near g42p2_7; fixed Oct 22 bc there was actually a disturbance for original pt in 2018,ian,2019-07-19,2019-07-19,21,myanmar,g42p2_8
07/12/2022 16:19,42,2,8a,95.56855,23.51356,2019-07-19,2019-06-28,Forest,0,0,"",ian,,,,myanmar,g42p2_8a
1/25/2022 15:07:47,42,2,9,95.50887,23.58771,2019-05-17,2019-05-11,Forest,1,0.8,"",ian,2019-05-17,2019-05-17,6,myanmar,g42p2_9
7/13/2022 8:52:08,42,2,9a,95.5247,23.59547,2019-05-17,2019-05-11,Forest,0,0,"",ian,,,,myanmar,g42p2_9a
1/26/2022 9:57:19,42,3,1,95.5921,23.6354,2019-05-27,2019-05-26,Forest,1,0.6,"shifted SW to be in a more clear dist from (95.59193, 23.63549). replaces g42p1_1. This is really faint dist (dry season), but I'm pretty confident.",ian,2019-05-27,2019-05-27,1,myanmar,g42p3_1
7/13/2022 9:00:08,42,3,1a,95.5909,23.63393,2019-05-27,2019-05-26,Forest,0,0,"",ian,,,,myanmar,g42p3_1a
1/26/2022 11:02:50,42,3,2,95.5826,23.65083,2019-09-28,2019-09-18,Forest,1,1,"dist date from S2, verified by planet 10 Oct. shifted to new disturbance, which is same as g42p1_18. original coords (95.59557, 23.64541) are right next to the disturbance in g42p2_4 so decided to move. replaces g42p1_2 and 3.",ian,2019-09-28,2019-09-28,10,myanmar,g42p3_2
7/13/2022 9:33:09,42,3,2a,95.57814,23.66164,2019-09-28,2019-09-18,Forest,0,0,"",ian,,,,myanmar,g42p3_2a
1/26/2022 11:18:12,42,3,3,95.58221,23.6302,2019-08-05,2019-07-19,Forest,1,1,"shifted S because original coords (95.58226, 23.63067) had long intra-image timeframe and the image was shifted. replaces g42p1_4.",ian,2019-08-05,2019-08-05,17,myanmar,g42p3_3
7/13/2022 10:02:57,42,3,3a,95.57369,23.62742,2019-08-05,2019-07-19,Forest,0,0,"",ian,,,,myanmar,g42p3_3a
1/26/2022 11:43:32,42,3,4,95.58324,23.65962,2019-10-08,2019-09-28,Forest,1,1,"replaces g42p1_5 and 6. Imagery is Sentinel-2, confirmed prior by PLANET on 18 Sept and post on 13 Oct.",ian,2019-10-08,2019-10-08,10,myanmar,g42p3_4
7/13/2022 10:09:39,42,3,4a,95.57881,23.66265,2019-10-08,2019-09-28,Forest,0,0,"",ian,,,,myanmar,g42p3_4a
1/26/2022 13:20:07,42,3,5,95.48001,23.57808,2019-09-24,2019-09-21,Forest,1,0.4,"small disturbance, similar to g42p1_8 (and technically part of the same dist)",ian,2019-09-24,2019-09-24,3,myanmar,g42p3_5
7/13/2022 10:14:59,42,3,5a,95.47856,23.57527,2019-09-24,2019-09-21,Forest,0,0,"",ian,,,,myanmar,g42p3_5a
1/26/2022 13:22:20,42,3,6,95.48038,23.57885,2019-10-03,2019-09-24,Forest,1,1,"large disturbance overall, no good imagery in interim. This is same dist area as g42p1_8 and g42p3_5",ian,2019-10-03,2019-10-03,9,myanmar,g42p3_6
7/13/2022 10:17:57,42,3,6a,95.47526,23.5826,2019-10-03,2019-09-24,Forest,0,0,"",ian,,,,myanmar,g42p3_6a
1/26/2022 15:01:33,42,3,7,95.50511,23.60724,2019-09-24,2019-09-19,Forest,1,0.7,"shifted slightly SE from (95.50577, 23.60927) to be more centralized. pretty small disturbance. Changed again bc pt wasn't showing up as a consistent disturbance",ian,2019-09-24,2019-09-24,5,myanmar,g42p3_7
7/13/2022 10:30:22,42,3,7a,95.51123,23.60752,2019-09-24,2019-09-19,Forest,0,0,"",ian,,,,myanmar,g42p3_7a
1/26/2022 15:09:14,42,3,8,95.51596,23.61077,2019-09-19,2019-09-15,Road,1,0.3,"shifted slightly N to be more centralized, instead of (95.51595, 23.61074). super small road blip expansion",ian,2019-09-19,2019-09-19,4,myanmar,g42p3_8
7/13/2022 10:35:20,42,3,8a,95.52102,23.6072,2019-09-19,2019-09-15,Forest,0,0,"",ian,,,,myanmar,g42p3_8a
1/26/2022 15:27:11,42,3,9,95.4886,23.57487,2019-05-15,2019-05-05,Forest,1,0.9,"shifted NE to from (95.48834, 23.57448) to be clearer disturbance. There is other imagery in between these dates but difficult to tell exactly if dist has happened. replacement for g42p1_20.",ian,2019-05-15,2019-05-15,10,myanmar,g42p3_9
7/13/2022 10:46:45,42,3,9a,95.48838,23.56994,2019-05-15,2019-05-05,Forest,0,0,"",ian,,,,myanmar,g42p3_9a
02/01/2022 13:34,43,0,1,94.64265,23.21787,2019-03-03,2019-03-02,Forest,1,0.4,"replacement for g43p1_4, barely shifted, part of larger disturbance so that's why I think the signal is so good",ian,2019-03-03,2019-03-03,1,myanmar,g43p0_1
07/11/2022 10:05,43,0,1a,94.6447,23.22945,2019-03-03,2019-03-02,Forest,0,0,"",ian,,,,myanmar,g43p0_1a
02/01/2022 13:42,43,0,2,94.64308,23.21773,2019-03-12,2019-03-04,Forest,1,1,"replacement for g43p1_5, barely shifted",ian,2019-03-12,2019-03-12,8,myanmar,g43p0_2
07/11/2022 10:09,43,0,2a,94.65285,23.21228,2019-03-12,2019-03-04,Forest,0,0,"",ian,,,,myanmar,g43p0_2a
02/01/2022 13:47,43,0,3,94.63596,23.22059,2019-02-14,2019-02-11,Forest,1,1,"replacement for g43p1_7, shifted slightly so as to not be directly on remnant trees",ian,2019-02-14,2019-02-14,3,myanmar,g43p0_3
07/11/2022 10:26,43,0,3a,94.6603,23.19702,2019-02-14,2019-02-11,Forest,0,0,"",ian,,,,myanmar,g43p0_3a
02/01/2022 13:51,43,0,4,94.63543,23.21634,2019-02-14,2019-02-11,Forest,1,0.9,"replacement for g43p1_8, shifted because hard to see dist",ian,2019-02-14,2019-02-14,3,myanmar,g43p0_4
07/11/2022 10:28,43,0,4a,94.61199,23.25006,2019-02-14,2019-02-11,Forest,0,0,"",ian,,,,myanmar,g43p0_4a
02/01/2022 13:59,43,0,5,94.6287,23.21611,2019-03-03,2019-03-02,Forest,1,1,"replacement for g43p1_9, changed bc really hard to tell if there was a dist with the planet imagery",ian,2019-03-03,2019-03-03,1,myanmar,g43p0_5
07/11/2022 10:45,43,0,5a,94.58334,23.24966,2019-03-03,2019-03-02,Forest,0,0,"",ian,,,,myanmar,g43p0_5a
02/01/2022 14:02,43,0,6,94.62892,23.21143,2019-02-14,2019-02-11,Forest,1,1,"replacement for g43p1_10, barely shifted N to be more in middle of dist",ian,2019-02-14,2019-02-14,3,myanmar,g43p0_6
07/11/2022 12:44,43,0,6a,94.66195,23.25639,2019-02-14,2019-02-11,Forest,0,0,"",ian,,,,myanmar,g43p0_6a
02/01/2022 14:10,43,0,7,94.59989,23.22977,2019-03-03,2019-03-02,Forest,1,1,replacement for g43p1_12,ian,2019-03-03,2019-03-03,1,myanmar,g43p0_7
07/11/2022 12:46,43,0,7a,94.5908,23.30129,2019-03-03,2019-03-02,Forest,0,0,"",ian,,,,myanmar,g43p0_7a
02/01/2022 13:18,43,1,1,94.64475,23.14214,2019-02-10,2019-02-05,Forest,1,0.7,original,ian,2019-02-10,2019-02-10,5,myanmar,g43p1_1
02/01/2022 14:06,43,1,11,94.63495,23.21051,2019-02-14,2019-02-11,Forest,1,0.9,original,ian,2019-02-14,2019-02-14,3,myanmar,g43p1_11
07/11/2022 12:51,43,1,11a,94.55673,23.20249,2019-02-14,2019-02-11,Forest,0,0,"",ian,,,,myanmar,g43p1_11a
07/11/2022 12:49,43,1,1a,94.69025,23.14977,2019-02-10,2019-02-05,Forest,0,0,"",ian,,,,myanmar,g43p1_1a
02/01/2022 13:24,43,1,2,94.64816,23.2182,2019-02-14,2019-02-11,Forest,1,0.9,"original, very close to g43p1_3",ian,2019-02-14,2019-02-14,3,myanmar,g43p1_2
07/11/2022 12:53,43,1,2a,94.72843,23.21287,2019-02-14,2019-02-11,Forest,0,0,"",ian,,,,myanmar,g43p1_2a
02/01/2022 13:27,43,1,3,94.64775,23.21828,2019-02-17,2019-02-14,Forest,1,0.9,"original, very close to g43p1_2",ian,2019-02-17,2019-02-17,3,myanmar,g43p1_3
07/11/2022 12:55,43,1,3a,94.71082,23.26874,2019-02-17,2019-02-14,Forest,0,0,"",ian,,,,myanmar,g43p1_3a
02/01/2022 13:44,43,1,6,94.63839,23.21727,2019-02-17,2019-02-16,Forest,1,1,original,ian,2019-02-17,2019-02-17,1,myanmar,g43p1_6
07/11/2022 12:58,43,1,6a,94.61114,23.16244,2019-02-17,2019-02-16,Forest,0,0,"",ian,,,,myanmar,g43p1_6a
1/30/2022 10:56:09,4,0,1,96.09509,26.36453,2019-03-09,2019-03-04,Forest,1,1,replacement for g4p4_1,ian,2019-03-09,2019-03-09,5,myanmar,g4p0_1
07/07/2022 09:33,4,0,1a,96.10138,26.35037,2019-03-09,2019-03-04,Forest,0,0,"",ian,,,,myanmar,g4p0_1a
1/31/2022 8:34:23,4,0,2,100.00314,21.51469,2019-03-02,2019-03-01,Forest,1,1,replacement for g4p9_1,ian,2019-03-02,2019-03-02,1,myanmar,g4p0_2
07/07/2022 09:37,4,0,2a,99.99558,21.49826,2019-03-02,2019-03-01,Forest,0,0,"",ian,,,,myanmar,g4p0_2a
1/31/2022 8:43:52,4,0,3,99.6555,21.80255,2019-02-07,2019-02-06,Forest,1,1,replacement for g4p12_1,ian,2019-02-07,2019-02-07,1,myanmar,g4p0_3
07/07/2022 09:42,4,0,3a,99.66858,21.77153,2019-02-07,2019-02-06,Forest,0,0,"",ian,,,,myanmar,g4p0_3a
1/31/2022 8:48:18,4,0,4,97.56651,24.24451,2019-01-20,2019-01-17,Forest,1,0.8,replacement for g4p14_1 (shifted over a little),natalie,2019-01-20,2019-01-20,3,myanmar,g4p0_4
07/07/2022 09:48,4,0,4a,97.5758,24.23929,2019-01-20,2019-01-17,Forest,0,0,"",ian,,,,myanmar,g4p0_4a
1/31/2022 8:38:35,4,11,1,97.24831,23.44996,2019-12-06,2019-12-03,Forest,1,1,original,natalie,2019-12-06,2019-12-06,3,myanmar,g4p11_1
07/07/2022 09:52,4,11,1a,97.25391,23.44726,2019-12-06,2019-12-03,Forest,0,0,"",ian,,,,myanmar,g4p11_1a
1/31/2022 8:51:12,4,17,1,93.29486,22.7322,2019-10-24,2019-10-23,Forest,1,1,"original, same area as g4p17_1-7",natalie,2019-10-24,2019-10-24,1,myanmar,g4p17_1
07/07/2022 09:55,4,17,1a,93.28414,22.74122,2019-10-24,2019-10-23,Forest,0,0,"",ian,,,,myanmar,g4p17_1a
1/31/2022 8:53:23,4,17,2,93.29387,22.73116,2019-10-24,2019-10-23,Forest,1,1,"original, same area as g4p17_1-7",natalie,2019-10-24,2019-10-24,1,myanmar,g4p17_2
07/07/2022 09:57,4,17,2a,93.27755,22.72369,2019-10-24,2019-10-23,Forest,0,0,"",ian,,,,myanmar,g4p17_2a
1/31/2022 8:56:27,4,17,3,93.29259,22.72925,2019-10-24,2019-10-23,Forest,1,0.9,"original, same area as g4p17_1-7",natalie,2019-10-24,2019-10-24,1,myanmar,g4p17_3
07/07/2022 10:01,4,17,3a,93.27435,22.70412,2019-10-24,2019-10-23,Forest,0,0,"",ian,,,,myanmar,g4p17_3a
1/31/2022 9:02:02,4,17,4,93.29179,22.73101,2019-10-24,2019-10-23,Forest,1,1,"original, same area as g4p17_1-7",natalie,2019-10-24,2019-10-24,1,myanmar,g4p17_4
07/07/2022 10:04,4,17,4a,93.30761,22.69592,2019-10-24,2019-10-23,Forest,0,0,"",ian,,,,myanmar,g4p17_4a
1/31/2022 9:06:15,4,17,5,93.29211,22.7332,2019-10-24,2019-10-23,Forest,1,1,"original. Interesting how L8 signal not great, imagery looks like it was cut and then left on ground, I called the % 1 but it could plausibly be less (0.8-1), but can't really tell. Same area as g4p17_1-7",natalie,2019-10-24,2019-10-24,1,myanmar,g4p17_5
07/07/2022 10:06,4,17,5a,93.3228,22.71057,2019-10-24,2019-10-23,Forest,0,0,"",ian,,,,myanmar,g4p17_5a
1/31/2022 9:08:13,4,17,6,93.29536,22.73443,2019-10-24,2019-10-23,Forest,1,1,"original, same area as g4p17_1-7",natalie,2019-10-24,2019-10-24,1,myanmar,g4p17_6
07/07/2022 10:08,4,17,6a,93.3362,22.73132,2019-10-24,2019-10-23,Forest,0,0,"",ian,,,,myanmar,g4p17_6a
1/31/2022 9:10:16,4,17,7,93.29661,22.7341,2019-10-24,2019-10-23,Forest,1,1,"original, same area as g4p17_1-7",natalie,2019-10-24,2019-10-24,1,myanmar,g4p17_7
07/07/2022 10:10,4,17,7a,93.30781,22.74958,2019-10-24,2019-10-23,Forest,0,0,"",ian,,,,myanmar,g4p17_7a
1/30/2022 10:16:17,4,3,1,97.25666,24.96072,2019-02-24,2019-02-17,Forest,1,1,original,natalie,2019-02-24,2019-02-24,7,myanmar,g4p3_1
07/07/2022 10:28,4,3,1a,97.24617,24.98138,2019-02-24,2019-02-17,Forest,0,0,"",ian,,,,myanmar,g4p3_1a
1/31/2022 9:21:07,5,0,1,97.37015,21.72732,2019-01-24,2019-01-21,Forest,1,0.6,"shifted to new location for a more clear disturbance, originally (97.37007, 21.72746). replacement for g5p2_1 (shifted over and different dates)",ian,2019-01-24,2019-01-24,3,myanmar,g5p0_1
07/07/2022 10:50,5,0,1a,97.36072,21.73271,2019-01-24,2019-01-21,Forest,0,0,"",ian,,,,myanmar,g5p0_1a
1/31/2022 9:31:40,5,0,2,98.72896,21.89191,2019-03-23,2019-03-22,Forest,1,1,replacement for g5p4_1,ian,2019-03-23,2019-03-23,1,myanmar,g5p0_2
07/07/2022 10:53,5,0,2a,98.69815,21.89591,2019-03-23,2019-03-22,Forest,0,0,"",ian,,,,myanmar,g5p0_2a
1/31/2022 9:43:27,5,0,3,98.90682,22.57972,2019-04-09,2019-04-05,Forest,1,0.9,same area as g5p6_1,ian,2019-04-09,2019-04-09,4,myanmar,g5p0_3
07/07/2022 11:07,5,0,3a,98.90594,22.5778,2019-04-09,2019-04-05,Forest,0,0,"",ian,,,,myanmar,g5p0_3a
1/31/2022 9:48:00,5,0,4,97.24117,25.24987,2019-01-12,2019-01-11,Forest,1,0.8,replacement for g5p7_1 (shifted slightly),natalie,2019-01-12,2019-01-12,1,myanmar,g5p0_4
07/07/2022 11:11,5,0,4a,97.21062,25.2409,2019-01-12,2019-01-11,Forest,0,0,"",ian,,,,myanmar,g5p0_4a
1/31/2022 10:15:31,5,0,5,97.72466,23.68721,2019-01-19,2019-01-17,Forest,1,0.4,"shifted to be a normal disturbance as original was shadow (97.7324, 23.7037). replacement for g5p8_1. Small disturbance add-on to slightly larger dist",ian,2019-01-19,2019-01-19,2,myanmar,g5p0_5
07/07/2022 11:44,5,0,5a,97.72317,23.68367,2019-01-19,2019-01-17,Forest,0,0,"",ian,,,,myanmar,g5p0_5a
1/31/2022 10:18:52,5,0,6,98.93445,22.39076,2019-02-14,2019-02-12,Forest,1,1,replacement for g5p9_1 (moved slightly N),natalie,2019-02-14,2019-02-14,2,myanmar,g5p0_6
07/07/2022 11:50,5,0,6a,98.93699,22.39863,2019-02-14,2019-02-12,Forest,0,0,"",ian,,,,myanmar,g5p0_6a
1/31/2022 10:43:35,5,0,7,95.84426,25.90076,2019-03-10,2019-03-04,Forest,1,0.9,"shifted to be a clearer disturbance and more accurate date (95.84307, 25.90209). replacement for g5p10_1",ian,2019-03-10,2019-03-10,6,myanmar,g5p0_7
07/07/2022 11:58,5,0,7a,95.84781,25.90056,2019-03-10,2019-03-04,Forest,0,0,"",ian,,,,myanmar,g5p0_7a
1/31/2022 13:30:34,5,0,8,98.95777,22.0757,2019-03-17,2019-03-15,Forest,1,0.9,replacement for g5p15_1 (shifted slightly to capture whole dist),natalie,2019-03-17,2019-03-17,2,myanmar,g5p0_8
07/07/2022 12:01,5,0,8a,98.96402,22.08704,2019-03-17,2019-03-15,Forest,0,0,"",ian,,,,myanmar,g5p0_8a
1/31/2022 13:37:10,5,0,9,97.3218,23.66894,2019-03-14,2019-03-13,Forest,1,0.6,replacement for g5p16_1 (shifted W),ian,2019-03-14,2019-03-14,1,myanmar,g5p0_9
07/07/2022 12:05,5,0,9a,97.30036,23.6763,2019-03-14,2019-03-13,Forest,0,0,"",ian,,,,myanmar,g5p0_9a
1/31/2022 13:39:10,5,18,1,97.44013,23.74172,2019-02-23,2019-02-19,Forest,1,1,original,natalie,2019-02-23,2019-02-23,4,myanmar,g5p18_1
07/07/2022 12:08,5,18,1a,97.43284,23.76245,2019-02-23,2019-02-19,Forest,0,0,"",ian,,,,myanmar,g5p18_1a
1/31/2022 9:14:08,5,1,1,98.12568,22.17248,2019-03-01,2019-02-28,Forest,1,0.7,original,natalie,2019-03-01,2019-03-01,1,myanmar,g5p1_1
07/07/2022 12:23,5,1,1a,98.12644,22.19706,2019-03-01,2019-02-28,Forest,0,0,this is surrounded by patchwork fields,ian,,,,myanmar,g5p1_1a
1/31/2022 13:41:32,5,20,1,98.99187,22.50872,2019-03-04,2019-03-02,Forest,1,1,original,natalie,2019-03-04,2019-03-04,2,myanmar,g5p20_1
07/07/2022 12:29,5,20,1a,99.00896,22.49222,2019-03-04,2019-03-02,Forest,0,0,"",ian,,,,myanmar,g5p20_1a
1/31/2022 9:24:54,5,3,1,93.27066,21.54636,2019-05-02,2019-04-30,Road,1,0.7,original,natalie,2019-05-02,2019-05-02,2,myanmar,g5p3_1
07/07/2022 13:26,5,3,1a,93.27796,21.55402,2019-05-02,2019-04-30,Forest,0,0,"",ian,,,,myanmar,g5p3_1a
1/31/2022 9:37:50,5,6,1,98.90419,22.58282,2019-02-22,2019-02-21,Forest,1,0.4,"shifted to be a more clear disturbance than before (98.90416, 22.5834). Note this is in the middle of a larger disturbances, so the signal may come early. Same area as g5p0_3",ian,2019-02-22,2019-02-22,1,myanmar,g5p6_1
07/07/2022 14:39,5,6,1a,98.90235,22.57828,2019-02-22,2019-02-21,Forest,0,0,"",ian,,,,myanmar,g5p6_1a
1/31/2022 13:49:56,6,0,1,95.42116,24.90922,2019-03-09,2019-03-04,Forest,1,0.8,"shifted because road disturbance really not that clear in planet (95.40341, 24.92051). replacement for g6p10_1 (shifted slightly)",ian,2019-03-09,2019-03-09,5,myanmar,g6p0_1
07/07/2022 14:54,6,0,1a,95.40948,24.90537,2019-03-09,2019-03-04,Forest,0,0,"",ian,,,,myanmar,g6p0_1a
1/31/2022 14:00:52,6,0,2,99.16478,22.7178,2019-02-04,2019-02-03,Forest,1,1,replacement for g6p14_1,ian,2019-02-04,2019-02-04,1,myanmar,g6p0_2
07/07/2022 15:30,6,0,2a,99.16195,22.72394,2019-02-04,2019-02-03,Forest,0,0,"",ian,,,,myanmar,g6p0_2a
1/31/2022 14:11:37,6,0,3,97.44486,23.58203,2019-05-08,2019-05-07,Forest,1,0.4,replacement for g6p17_1 (barely shifted). Note that for some reason the dist signal for this for L8 and S2 is extremely weak.,natalie,2019-05-08,2019-05-08,1,myanmar,g6p0_3
07/08/2022 08:47,6,0,3a,97.44672,23.5835,2019-05-08,2019-05-07,Forest,0,0,"",ian,,,,myanmar,g6p0_3a
1/31/2022 14:27:00,6,0,4,97.84584,26.19012,2019-04-25,2019-04-23,Forest,1,1,"",ian,2019-04-25,2019-04-25,2,myanmar,g6p0_4
07/08/2022 08:50,6,0,4a,97.83321,26.18266,2019-04-25,2019-04-23,Forest,0,0,"",ian,,,,myanmar,g6p0_4a
1/31/2022 14:30:12,6,0,5,97.84615,26.18406,2019-11-25,2019-11-24,Forest,1,0.5,replacement for g6p20_1 (shifted S a bit),natalie,2019-11-25,2019-11-25,1,myanmar,g6p0_5
07/08/2022 08:53,6,0,5a,97.85205,26.17784,2019-11-25,2019-11-24,Forest,0,0,"",ian,,,,myanmar,g6p0_5a
1/31/2022 14:16:36,6,19,1,95.28742,24.33388,2019-03-15,2019-03-14,Forest,1,0.7,original,natalie,2019-03-15,2019-03-15,1,myanmar,g6p19_1
07/08/2022 08:55,6,19,1a,95.27556,24.34252,2019-03-15,2019-03-14,Forest,0,0,"",ian,,,,myanmar,g6p19_1a
1/31/2022 13:45:58,6,3,1,93.3023,22.993,2019-01-19,2019-01-17,Forest,1,0.9,original,natalie,2019-01-19,2019-01-19,2,myanmar,g6p3_1
07/08/2022 08:57,6,3,1a,93.28463,23.00126,2019-01-19,2019-01-17,Forest,0,0,"",ian,,,,myanmar,g6p3_1a
1/31/2022 14:41:33,7,0,1,97.66348,25.39492,2019-03-29,2019-03-24,Forest,1,1,replacement for g7p1_1,ian,2019-03-29,2019-03-29,5,myanmar,g7p0_1
02/01/2022 09:44,7,0,10,95.16858,25.92228,2019-02-02,2019-02-01,Forest,1,1,"",ian,2019-02-02,2019-02-02,1,myanmar,g7p0_10
07/08/2022 09:03,7,0,10a,95.15427,25.95222,2019-02-02,2019-02-01,Forest,0,0,"",ian,,,,myanmar,g7p0_10a
02/01/2022 09:48,7,0,11,95.6061,24.53358,2019-05-29,2019-05-28,Forest,1,0.9,"note that the disturbance is clear in planet, but we have no cloud-free L8S2 images for the next 3 months, so we don't really get a signal. replacement for g7p20_1, shifted slightly",natalie,2019-05-29,2019-05-29,1,myanmar,g7p0_11
07/08/2022 09:51,7,0,11a,95.60558,24.5351,2019-05-29,2019-05-28,Forest,0,0,"",ian,,,,myanmar,g7p0_11a
07/08/2022 09:00,7,0,1a,97.65728,25.37987,2019-03-29,2019-03-24,Forest,0,0,"",ian,,,,myanmar,g7p0_1a
02/01/2022 08:28,7,0,2,97.35854,23.43084,2019-02-11,2019-02-10,Forest,1,0.8,replacement for g7p2_1 (shifted S slightly),natalie,2019-02-11,2019-02-11,1,myanmar,g7p0_2
07/08/2022 09:54,7,0,2a,97.36411,23.42253,2019-02-11,2019-02-10,Forest,0,0,"",ian,,,,myanmar,g7p0_2a
02/01/2022 08:34,7,0,3,98.9147,21.42507,2019-03-18,2019-03-15,Forest,1,0.9,"replacement for g7p3_1, shifted slightly W",natalie,2019-03-18,2019-03-18,3,myanmar,g7p0_3
07/08/2022 09:59,7,0,3a,98.90902,21.43075,2019-03-18,2019-03-15,Forest,0,0,"",ian,,,,myanmar,g7p0_3a
02/01/2022 08:49,7,0,4,95.21146,24.6549,2019-05-28,2019-05-21,Forest,1,1,"shifted north to a clearer disturbance; original was (95.21146, 24.6549). replacement for g7p8_1",ian,2019-05-28,2019-05-28,7,myanmar,g7p0_4
07/08/2022 12:41,7,0,4a,95.20376,24.65642,2019-05-28,2019-05-21,Forest,0,0,"",ian,,,,myanmar,g7p0_4a
02/01/2022 09:05,7,0,5,93.27359,21.5521,2019-05-08,2019-05-07,Road,1,1,"replacement for g7p11_1. Note that I'm not 100% certain this is forest that was converted to road, but checking back to 2017 doesn't show any other disturbance. The signal should be fine for NDVI / brightness.",ian,2019-05-08,2019-05-08,1,myanmar,g7p0_5
07/08/2022 12:54,7,0,5a,93.29772,21.54574,2019-05-08,2019-05-07,Forest,0,0,"",ian,,,,myanmar,g7p0_5a
02/01/2022 09:17,7,0,6,95.19427,25.89214,2019-02-05,2019-02-03,Forest,1,0.8,replacement for g7p12_1 (shifted slightly N to be more in disturbance),natalie,2019-02-05,2019-02-05,2,myanmar,g7p0_6
07/08/2022 13:02,7,0,6a,95.19762,25.90537,2019-02-05,2019-02-03,Forest,0,0,"",ian,,,,myanmar,g7p0_6a
02/01/2022 09:20,7,0,7,95.4327,26.09555,2019-02-01,2019-01-31,Forest,1,1,"same area as g7p0_7, g0p7_8, g7p13_1",ian,2019-02-01,2019-02-01,1,myanmar,g7p0_7
07/08/2022 13:05,7,0,7a,95.45361,26.11515,2019-02-01,2019-01-31,Forest,0,0,"",ian,,,,myanmar,g7p0_7a
02/01/2022 09:22,7,0,8,95.43843,26.09851,2019-02-05,2019-02-03,Forest,1,1,"same area as g7p0_7, g0p7_8, g7p13_1",ian,2019-02-05,2019-02-05,2,myanmar,g7p0_8
07/08/2022 13:07,7,0,8a,95.41313,26.07746,2019-02-05,2019-02-03,Forest,0,0,"",ian,,,,myanmar,g7p0_8a
02/01/2022 09:30,7,0,9,93.49613,23.41134,2019-11-26,2019-11-25,Forest,1,0.8,"shifted slightly SE to be more centralized within disturbance. replacement for g7p14_1, shifted E and new dates",ian,2019-11-26,2019-11-26,1,myanmar,g7p0_9
07/08/2022 13:16,7,0,9a,93.48912,23.41537,2019-11-26,2019-11-25,Forest,0,0,"",ian,,,,myanmar,g7p0_9a
02/01/2022 08:52,7,10,1,95.48655,26.38192,2019-02-11,2019-02-07,Forest,1,1,original,natalie,2019-02-11,2019-02-11,4,myanmar,g7p10_1
07/08/2022 13:26,7,10,1a,95.48362,26.3901,2019-02-11,2019-02-07,Forest,0,0,"",ian,,,,myanmar,g7p10_1a
02/01/2022 09:23,7,13,1,95.4316,26.097,2019-02-11,2019-02-07,Forest,1,1,"original, same area as g7p0_7, g0p7_8, g7p13_1",natalie,2019-02-11,2019-02-11,4,myanmar,g7p13_1
07/08/2022 13:31,7,13,1a,95.455,26.0969,2019-02-11,2019-02-07,Forest,0,0,"",ian,,,,myanmar,g7p13_1a
02/01/2022 09:34,7,16,1,97.14131,25.16181,2019-01-25,2019-01-23,Forest,1,1,"original, it seems the imagery clearly shows this is not primary forest, yet the ts makes it seem like it is. This means if it truly wasn't primary forest, it was disturbed prior to 2015 and regrew",natalie,2019-01-25,2019-01-25,2,myanmar,g7p16_1
07/08/2022 13:34,7,16,1a,97.1218,25.16759,2019-01-25,2019-01-23,Forest,0,0,"",ian,,,,myanmar,g7p16_1a
02/01/2022 09:45,7,18,1,95.17,25.92537,2019-03-26,2019-03-25,Forest,1,0.25,"original, very small disturbance, L8 signal picks up earlier signal, S1 sees nothing",natalie,2019-03-26,2019-03-26,1,myanmar,g7p18_1
07/08/2022 13:37,7,18,1a,95.17003,25.92837,2019-03-26,2019-03-25,Forest,0,0,"",ian,,,,myanmar,g7p18_1a
02/01/2022 08:37,7,7,1,95.63292,26.79363,2019-11-02,2019-10-30,Forest,1,1,original,natalie,2019-11-02,2019-11-02,3,myanmar,g7p7_1
07/08/2022 13:45,7,7,1a,95.61883,26.81438,2019-11-02,2019-10-30,Forest,0,0,"",ian,,,,myanmar,g7p7_1a
02/01/2022 09:59,8,0,1,93.75346,21.16819,2019-02-04,2019-02-02,Forest,1,1,replacement for g8p2_2 (shifted down a bit),natalie,2019-02-04,2019-02-04,2,myanmar,g8p0_1
07/08/2022 13:50,8,0,1a,93.74651,21.18117,2019-02-04,2019-02-02,Forest,0,0,"",ian,,,,myanmar,g8p0_1a
02/01/2022 10:14,8,0,2,93.71748,21.03505,2019-03-21,2019-03-19,Forest,1,0.9,replacement for g8p6_1,ian,2019-03-21,2019-03-21,2,myanmar,g8p0_2
07/08/2022 13:53,8,0,2a,93.7266,21.05518,2019-03-21,2019-03-19,Forest,0,0,"",ian,,,,myanmar,g8p0_2a
02/01/2022 10:22,8,0,3,97.25818,22.29871,2019-03-19,2019-03-14,Forest,1,0.9,"shifted barely SE to be more centralized in dist. replacement for g8p7_1 (hard to see dist), shifted E",natalie,2019-03-19,2019-03-19,5,myanmar,g8p0_3
07/08/2022 14:10,8,0,3a,97.25667,22.30281,2019-03-19,2019-03-14,Forest,0,0,"",ian,,,,myanmar,g8p0_3a
02/01/2022 10:31,8,0,4,97.59478,24.02857,2019-03-20,2019-03-19,Forest,1,1,replacement for g8p9_1,ian,2019-03-20,2019-03-20,1,myanmar,g8p0_4
07/08/2022 14:12,8,0,4a,97.58054,24.03356,2019-03-20,2019-03-19,Forest,0,0,"",ian,,,,myanmar,g8p0_4a
02/01/2022 10:44,8,0,5,98.7409,22.14024,2019-01-27,2019-01-25,Forest,1,0.7,replacement for g8p14_1 (very hard to discern what the dist was),ian,2019-01-27,2019-01-27,2,myanmar,g8p0_5
07/08/2022 14:16,8,0,5a,98.73126,22.121,2019-01-27,2019-01-25,Forest,0,0,"",ian,,,,myanmar,g8p0_5a
02/01/2022 10:51,8,0,6,98.80959,22.19142,2019-02-21,2019-02-20,Forest,1,1,"replacement for g8p17_2 (just so that way the pre-dist truly was forest and not including previous dist), barely shifted",natalie,2019-02-21,2019-02-21,1,myanmar,g8p0_6
07/08/2022 14:18,8,0,6a,98.82943,22.21021,2019-02-21,2019-02-20,Forest,0,0,"",ian,,,,myanmar,g8p0_6a
02/01/2022 10:54,8,0,7,98.81127,22.19059,2019-02-21,2019-02-20,Forest,1,0.9,replacement for g8p17_3 (shifted barely so it doesn't include previous dist),natalie,2019-02-21,2019-02-21,1,myanmar,g8p0_7
07/08/2022 14:21,8,0,7a,98.83388,22.19206,2019-02-21,2019-02-20,Forest,0,0,"",ian,,,,myanmar,g8p0_7a
02/01/2022 10:45,8,14,2,98.74204,22.13893,2019-02-05,2019-02-04,Forest,1,1,original,natalie,2019-02-05,2019-02-05,1,myanmar,g8p14_2
07/08/2022 14:24,8,14,2a,98.73428,22.12207,2019-02-05,2019-02-04,Forest,0,0,"",ian,,,,myanmar,g8p14_2a
02/01/2022 10:49,8,17,1,98.80765,22.18851,2019-02-21,2019-02-20,Forest,1,1,"original, same area as g6p0_6-7",natalie,2019-02-21,2019-02-21,1,myanmar,g8p17_1
07/08/2022 14:28,8,17,1a,98.82948,22.18301,2019-02-21,2019-02-20,Forest,0,0,"",ian,,,,myanmar,g8p17_1a
02/01/2022 12:56,8,19,1,98.90335,21.79731,2019-02-16,2019-02-14,Forest,1,0.9,"original, same area as g8p19_1-3",natalie,2019-02-16,2019-02-16,2,myanmar,g8p19_1
07/08/2022 14:30,8,19,1a,98.88078,21.82735,2019-02-16,2019-02-14,Forest,0,0,"",ian,,,,myanmar,g8p19_1a
02/01/2022 12:58,8,19,2,98.90174,21.79659,2019-02-16,2019-02-14,Forest,1,1,"original, same area as g8p19_1-3",natalie,2019-02-16,2019-02-16,2,myanmar,g8p19_2
07/08/2022 15:00,8,19,2a,98.90683,21.78027,2019-02-16,2019-02-14,Forest,0,0,"",ian,,,,myanmar,g8p19_2a
02/01/2022 12:59,8,19,3,98.90102,21.79306,2019-02-16,2019-02-14,Forest,1,1,"original, same area as g8p19_1-3",natalie,2019-02-16,2019-02-16,2,myanmar,g8p19_3
07/08/2022 15:03,8,19,3a,98.92671,21.80839,2019-02-16,2019-02-14,Forest,0,0,"",ian,,,,myanmar,g8p19_3a
02/01/2022 09:54,8,1,1,99.30822,20.94109,2019-02-15,2019-02-14,Forest,1,0.9,original,natalie,2019-02-15,2019-02-15,1,myanmar,g8p1_1
07/08/2022 15:06,8,1,1a,99.29088,20.94077,2019-02-15,2019-02-14,Forest,0,0,"",ian,,,,myanmar,g8p1_1a
02/01/2022 09:56,8,2,1,93.75597,21.16755,2019-02-04,2019-02-02,Forest,1,1,original,natalie,2019-02-04,2019-02-04,2,myanmar,g8p2_1
07/08/2022 15:09,8,2,1a,93.76948,21.16579,2019-02-04,2019-02-02,Forest,0,0,"",ian,,,,myanmar,g8p2_1a
02/01/2022 10:02,8,2,3,93.75465,21.16956,2019-02-04,2019-02-02,Forest,1,0.9,original,natalie,2019-02-04,2019-02-04,2,myanmar,g8p2_3
7/13/2022 10:57:51,8,2,3a,93.75311,21.16146,2019-02-04,2019-02-02,Forest,0,0,"",ian,,,,myanmar,g8p2_3a
02/01/2022 10:25,8,8,1,97.62184,25.4437,2019-04-18,2019-04-17,Forest,1,0.7,original,natalie,2019-04-18,2019-04-18,1,myanmar,g8p8_1
07/08/2022 15:22,8,8,1a,97.62017,25.454,2019-04-18,2019-04-17,Forest,0,0,"",ian,,,,myanmar,g8p8_1a
02/01/2022 13:04,9,1,1,98.71475,21.66821,2019-03-03,2019-03-02,Forest,1,1,"original, same area as g9p1_2",natalie,2019-03-03,2019-03-03,1,myanmar,g9p1_1
07/08/2022 15:35,9,1,1a,98.69895,21.64893,2019-03-03,2019-03-02,Forest,0,0,"",ian,,,,myanmar,g9p1_1a
02/01/2022 13:06,9,1,2,98.7173,21.66288,2019-03-03,2019-03-02,Forest,1,1,"original, same area as g9p1_1",natalie,2019-03-03,2019-03-03,1,myanmar,g9p1_2
07/08/2022 15:39,9,1,2a,98.73741,21.6263,2019-03-03,2019-03-02,Forest,0,0,"",ian,,,,myanmar,g9p1_2a
02/01/2022 13:09,9,2,1,97.1172,23.37653,2019-02-12,2019-02-11,Forest,1,0.9,original,natalie,2019-02-12,2019-02-12,1,myanmar,g9p2_1
07/11/2022 09:27,9,2,1a,97.10516,23.38617,2019-02-12,2019-02-11,Forest,0,0,"",ian,,,,myanmar,g9p2_1a
